Date,Country,Temperature,Rainfall,Weather_Index
2024-01-01,France,1.7,1.9,0.167
2024-01-02,France,6.8,6.0,0.295
2024-01-03,France,0.2,4.3,0.129
2024-01-04,France,1.8,1.6,0.17
2024-01-05,France,5.5,0.9,0.262
2024-01-06,France,5.4,4.5,0.26
2024-01-07,France,2.7,5.7,0.193
2024-01-08,France,0.2,5.7,0.13
2024-01-09,France,-1.8,8.4,0.079
2024-01-10,France,2.8,0.7,0.195
2024-01-11,France,3.3,0.9,0.208
2024-01-12,France,5.2,5.7,0.254
2024-01-13,France,1.0,4.2,0.15
2024-01-14,France,-0.6,5.1,0.11
2024-01-15,France,5.2,5.2,0.256
2024-01-16,France,3.6,2.1,0.216
2024-01-17,France,6.4,0.4,0.286
2024-01-18,France,-1.2,3.0,0.094
2024-01-19,France,2.8,4.1,0.196
2024-01-20,France,7.3,4.1,0.307
2024-01-21,France,7.0,3.6,0.301
2024-01-22,France,5.5,2.8,0.262
2024-01-23,France,5.4,3.3,0.26
2024-01-24,France,5.0,2.7,0.249
2024-01-25,France,6.4,1.6,0.286
2024-01-26,France,3.9,5.6,0.224
2024-01-27,France,1.2,0.0,0.154
2024-01-28,France,5.1,2.5,0.252
2024-01-29,France,7.0,2.7,0.301
2024-01-30,France,2.2,2.8,0.18
2024-01-31,France,7.3,4.2,0.307
2024-02-01,France,-1.3,3.4,0.092
2024-02-02,France,6.7,3.0,0.293
2024-02-03,France,4.2,5.4,0.229
2024-02-04,France,9.7,0.0,0.368
2024-02-05,France,3.6,2.7,0.215
2024-02-06,France,8.8,3.1,0.346
2024-02-07,France,3.9,4.4,0.224
2024-02-08,France,5.4,2.8,0.259
2024-02-09,France,5.9,4.1,0.273
2024-02-10,France,5.1,4.4,0.252
2024-02-11,France,5.8,0.9,0.27
2024-02-12,France,5.9,1.0,0.272
2024-02-13,France,6.1,4.7,0.278
2024-02-14,France,2.8,3.7,0.194
2024-02-15,France,3.5,3.4,0.213
2024-02-16,France,8.6,0.0,0.34
2024-02-17,France,2.7,2.3,0.191
2024-02-18,France,6.9,2.7,0.299
2024-02-19,France,5.9,7.1,0.272
2024-02-20,France,2.4,5.3,0.184
2024-02-21,France,5.0,4.1,0.249
2024-02-22,France,12.4,4.4,0.435
2024-02-23,France,7.1,6.2,0.303
2024-02-24,France,9.4,1.4,0.359
2024-02-25,France,6.9,0.0,0.297
2024-02-26,France,4.4,3.6,0.234
2024-02-27,France,4.2,3.5,0.23
2024-02-28,France,6.0,4.1,0.274
2024-02-29,France,4.7,1.1,0.243
2024-03-01,France,13.4,2.0,0.461
2024-03-02,France,11.0,5.9,0.4
2024-03-03,France,9.5,1.3,0.362
2024-03-04,France,8.5,5.0,0.337
2024-03-05,France,9.6,0.6,0.365
2024-03-06,France,10.8,4.5,0.395
2024-03-07,France,7.9,4.2,0.323
2024-03-08,France,9.7,2.6,0.368
2024-03-09,France,5.1,5.2,0.253
2024-03-10,France,11.3,4.2,0.407
2024-03-11,France,13.6,4.9,0.466
2024-03-12,France,11.1,0.0,0.401
2024-03-13,France,12.6,3.2,0.44
2024-03-14,France,9.9,3.6,0.373
2024-03-15,France,11.3,5.2,0.408
2024-03-16,France,10.9,4.0,0.398
2024-03-17,France,9.7,0.0,0.367
2024-03-18,France,8.1,1.1,0.328
2024-03-19,France,12.6,4.2,0.441
2024-03-20,France,7.6,2.3,0.316
2024-03-21,France,7.8,2.2,0.32
2024-03-22,France,4.7,0.0,0.242
2024-03-23,France,9.1,5.2,0.352
2024-03-24,France,7.4,3.6,0.31
2024-03-25,France,11.2,1.0,0.405
2024-03-26,France,8.9,1.7,0.349
2024-03-27,France,13.8,6.1,0.47
2024-03-28,France,6.0,3.8,0.276
2024-03-29,France,12.2,4.7,0.43
2024-03-30,France,9.2,5.6,0.356
2024-03-31,France,6.3,2.4,0.282
2024-04-01,France,9.4,4.6,0.359
2024-04-02,France,10.3,2.7,0.381
2024-04-03,France,13.9,4.4,0.471
2024-04-04,France,9.3,5.1,0.357
2024-04-05,France,13.4,0.8,0.459
2024-04-06,France,8.0,3.0,0.325
2024-04-07,France,14.6,4.8,0.489
2024-04-08,France,13.1,3.1,0.452
2024-04-09,France,13.5,1.3,0.463
2024-04-10,France,17.1,6.3,0.552
2024-04-11,France,13.3,3.4,0.457
2024-04-12,France,10.8,4.1,0.394
2024-04-13,France,9.9,0.0,0.373
2024-04-14,France,3.9,1.4,0.221
2024-04-15,France,12.5,3.7,0.437
2024-04-16,France,10.5,3.3,0.388
2024-04-17,France,11.2,1.0,0.404
2024-04-18,France,11.8,4.6,0.421
2024-04-19,France,9.1,1.1,0.353
2024-04-20,France,8.8,0.0,0.345
2024-04-21,France,10.6,4.4,0.389
2024-04-22,France,12.5,2.7,0.438
2024-04-23,France,12.4,2.0,0.435
2024-04-24,France,6.2,4.6,0.279
2024-04-25,France,15.2,1.5,0.505
2024-04-26,France,11.5,2.5,0.414
2024-04-27,France,13.1,6.4,0.451
2024-04-28,France,15.5,2.2,0.512
2024-04-29,France,13.6,5.5,0.466
2024-04-30,France,13.2,3.0,0.456
2024-05-01,France,17.3,1.6,0.558
2024-05-02,France,14.3,0.9,0.483
2024-05-03,France,16.9,2.7,0.548
2024-05-04,France,13.5,2.7,0.463
2024-05-05,France,17.4,6.8,0.56
2024-05-06,France,19.0,0.0,0.601
2024-05-07,France,16.7,5.9,0.543
2024-05-08,France,12.0,4.1,0.425
2024-05-09,France,15.3,5.3,0.507
2024-05-10,France,17.2,1.2,0.555
2024-05-11,France,15.4,2.7,0.51
2024-05-12,France,15.6,5.2,0.516
2024-05-13,France,13.5,5.0,0.462
2024-05-14,France,15.1,3.4,0.502
2024-05-15,France,16.2,3.0,0.53
2024-05-16,France,16.0,5.9,0.524
2024-05-17,France,18.5,2.3,0.588
2024-05-18,France,20.7,3.5,0.644
2024-05-19,France,17.1,1.3,0.552
2024-05-20,France,14.5,1.6,0.488
2024-05-21,France,16.3,4.3,0.531
2024-05-22,France,17.1,6.2,0.553
2024-05-23,France,13.3,3.2,0.458
2024-05-24,France,12.2,1.2,0.429
2024-05-25,France,19.8,2.1,0.62
2024-05-26,France,13.6,0.0,0.465
2024-05-27,France,13.6,2.6,0.464
2024-05-28,France,11.9,2.5,0.423
2024-05-29,France,19.8,1.6,0.62
2024-05-30,France,13.2,0.8,0.454
2024-05-31,France,12.6,4.1,0.439
2024-06-01,France,20.1,4.9,0.629
2024-06-02,France,26.1,0.0,0.776
2024-06-03,France,21.1,0.8,0.654
2024-06-04,France,22.4,2.5,0.684
2024-06-05,France,20.1,0.4,0.627
2024-06-06,France,18.7,3.2,0.593
2024-06-07,France,24.1,1.4,0.727
2024-06-08,France,18.3,4.9,0.584
2024-06-09,France,17.4,5.3,0.561
2024-06-10,France,20.0,3.6,0.624
2024-06-11,France,21.1,1.8,0.653
2024-06-12,France,21.2,1.5,0.654
2024-06-13,France,18.5,4.1,0.587
2024-06-14,France,20.9,2.9,0.647
2024-06-15,France,16.2,1.0,0.531
2024-06-16,France,20.8,4.5,0.646
2024-06-17,France,16.7,1.3,0.542
2024-06-18,France,20.4,3.2,0.635
2024-06-19,France,15.1,3.3,0.503
2024-06-20,France,18.2,6.3,0.58
2024-06-21,France,20.7,3.8,0.644
2024-06-22,France,21.3,0.6,0.659
2024-06-23,France,25.8,0.0,0.771
2024-06-24,France,22.4,4.2,0.685
2024-06-25,France,18.6,4.3,0.589
2024-06-26,France,19.0,1.6,0.601
2024-06-27,France,21.4,1.0,0.66
2024-06-28,France,19.3,1.8,0.608
2024-06-29,France,19.0,3.9,0.6
2024-06-30,France,18.2,2.6,0.58
2024-01-01,Germany,2.5,5.9,0.187
2024-01-02,Germany,5.0,3.4,0.251
2024-01-03,Germany,6.1,1.8,0.276
2024-01-04,Germany,6.6,3.7,0.289
2024-01-05,Germany,-0.7,0.1,0.108
2024-01-06,Germany,2.3,0.4,0.182
2024-01-07,Germany,3.3,1.0,0.207
2024-01-08,Germany,3.7,5.8,0.218
2024-01-09,Germany,3.9,2.4,0.221
2024-01-10,Germany,5.2,1.6,0.254
2024-01-11,Germany,6.5,4.0,0.288
2024-01-12,Germany,4.1,3.3,0.228
2024-01-13,Germany,10.1,4.9,0.378
2024-01-14,Germany,10.6,4.1,0.39
2024-01-15,Germany,-0.4,2.5,0.115
2024-01-16,Germany,-1.1,4.1,0.097
2024-01-17,Germany,6.2,1.2,0.281
2024-01-18,Germany,2.0,3.3,0.176
2024-01-19,Germany,0.4,0.5,0.135
2024-01-20,Germany,7.7,3.2,0.318
2024-01-21,Germany,2.3,0.0,0.183
2024-01-22,Germany,6.6,1.6,0.289
2024-01-23,Germany,9.6,4.7,0.365
2024-01-24,Germany,1.6,1.6,0.164
2024-01-25,Germany,9.2,2.8,0.354
2024-01-26,Germany,2.5,3.1,0.187
2024-01-27,Germany,2.4,3.5,0.186
2024-01-28,Germany,3.8,4.8,0.219
2024-01-29,Germany,2.8,1.2,0.196
2024-01-30,Germany,3.0,2.3,0.199
2024-01-31,Germany,3.8,4.3,0.219
2024-02-01,Germany,7.7,5.4,0.318
2024-02-02,Germany,3.6,3.8,0.214
2024-02-03,Germany,8.2,1.7,0.33
2024-02-04,Germany,5.4,0.0,0.259
2024-02-05,Germany,8.7,2.6,0.343
2024-02-06,Germany,8.4,3.4,0.335
2024-02-07,Germany,5.4,0.0,0.261
2024-02-08,Germany,1.8,0.0,0.169
2024-02-09,Germany,4.3,7.6,0.233
2024-02-10,Germany,2.1,0.0,0.178
2024-02-11,Germany,8.9,7.7,0.347
2024-02-12,Germany,6.9,3.6,0.297
2024-02-13,Germany,5.1,0.0,0.252
2024-02-14,Germany,1.6,2.4,0.166
2024-02-15,Germany,4.5,2.8,0.237
2024-02-16,Germany,8.5,1.8,0.337
2024-02-17,Germany,8.5,1.8,0.339
2024-02-18,Germany,9.1,3.2,0.353
2024-02-19,Germany,4.7,3.1,0.242
2024-02-20,Germany,5.1,3.2,0.253
2024-02-21,Germany,8.3,2.8,0.332
2024-02-22,Germany,4.9,0.8,0.247
2024-02-23,Germany,7.7,3.7,0.318
2024-02-24,Germany,2.5,4.7,0.186
2024-02-25,Germany,2.4,5.1,0.185
2024-02-26,Germany,8.1,3.8,0.327
2024-02-27,Germany,4.9,4.2,0.247
2024-02-28,Germany,9.2,4.2,0.356
2024-02-29,Germany,4.0,3.5,0.225
2024-03-01,Germany,12.4,7.4,0.435
2024-03-02,Germany,8.4,4.7,0.335
2024-03-03,Germany,12.4,1.4,0.435
2024-03-04,Germany,14.3,0.9,0.484
2024-03-05,Germany,11.4,3.6,0.411
2024-03-06,Germany,9.2,8.1,0.354
2024-03-07,Germany,8.1,2.4,0.327
2024-03-08,Germany,13.0,4.5,0.45
2024-03-09,Germany,12.8,3.2,0.446
2024-03-10,Germany,10.0,6.8,0.374
2024-03-11,Germany,6.5,2.8,0.287
2024-03-12,Germany,11.4,2.6,0.41
2024-03-13,Germany,7.3,4.2,0.307
2024-03-14,Germany,13.0,2.7,0.45
2024-03-15,Germany,8.5,1.7,0.337
2024-03-16,Germany,8.1,5.2,0.328
2024-03-17,Germany,9.2,1.4,0.356
2024-03-18,Germany,9.8,5.1,0.37
2024-03-19,Germany,7.3,0.3,0.308
2024-03-20,Germany,15.6,0.2,0.514
2024-03-21,Germany,7.9,3.5,0.323
2024-03-22,Germany,8.2,2.9,0.33
2024-03-23,Germany,10.7,0.0,0.393
2024-03-24,Germany,5.2,3.1,0.255
2024-03-25,Germany,7.8,3.3,0.32
2024-03-26,Germany,9.7,0.0,0.367
2024-03-27,Germany,12.8,2.0,0.446
2024-03-28,Germany,6.4,3.4,0.285
2024-03-29,Germany,9.3,5.4,0.358
2024-03-30,Germany,9.8,5.3,0.37
2024-03-31,Germany,6.2,3.3,0.28
2024-04-01,Germany,8.7,3.2,0.341
2024-04-02,Germany,11.7,2.7,0.416
2024-04-03,Germany,11.6,4.5,0.414
2024-04-04,Germany,7.2,1.2,0.304
2024-04-05,Germany,11.9,0.6,0.422
2024-04-06,Germany,12.1,2.9,0.428
2024-04-07,Germany,7.8,0.1,0.32
2024-04-08,Germany,4.1,0.6,0.228
2024-04-09,Germany,12.0,3.3,0.426
2024-04-10,Germany,12.6,1.4,0.44
2024-04-11,Germany,11.9,3.8,0.424
2024-04-12,Germany,8.2,3.2,0.33
2024-04-13,Germany,14.0,2.0,0.474
2024-04-14,Germany,15.2,2.1,0.505
2024-04-15,Germany,9.4,4.1,0.36
2024-04-16,Germany,18.1,3.2,0.577
2024-04-17,Germany,13.9,2.0,0.473
2024-04-18,Germany,8.3,3.3,0.332
2024-04-19,Germany,13.0,2.3,0.449
2024-04-20,Germany,13.9,1.7,0.472
2024-04-21,Germany,9.3,5.1,0.357
2024-04-22,Germany,15.2,1.7,0.505
2024-04-23,Germany,17.2,2.4,0.554
2024-04-24,Germany,12.3,2.8,0.431
2024-04-25,Germany,13.6,3.5,0.464
2024-04-26,Germany,12.8,1.0,0.444
2024-04-27,Germany,6.9,5.3,0.298
2024-04-28,Germany,10.4,2.9,0.384
2024-04-29,Germany,13.0,6.3,0.45
2024-04-30,Germany,12.5,2.2,0.437
2024-05-01,Germany,14.4,2.9,0.486
2024-05-02,Germany,13.3,3.1,0.457
2024-05-03,Germany,15.8,6.3,0.521
2024-05-04,Germany,15.7,0.0,0.519
2024-05-05,Germany,24.0,4.9,0.726
2024-05-06,Germany,22.2,0.7,0.681
2024-05-07,Germany,15.3,4.3,0.508
2024-05-08,Germany,17.6,3.6,0.565
2024-05-09,Germany,9.4,0.0,0.36
2024-05-10,Germany,20.6,6.4,0.639
2024-05-11,Germany,15.7,5.8,0.517
2024-05-12,Germany,12.9,1.4,0.448
2024-05-13,Germany,12.7,1.3,0.442
2024-05-14,Germany,18.2,1.3,0.579
2024-05-15,Germany,22.7,3.9,0.693
2024-05-16,Germany,19.3,4.0,0.606
2024-05-17,Germany,19.6,1.3,0.616
2024-05-18,Germany,20.3,3.3,0.634
2024-05-19,Germany,19.6,0.1,0.616
2024-05-20,Germany,16.5,3.3,0.539
2024-05-21,Germany,14.1,3.6,0.479
2024-05-22,Germany,20.6,1.6,0.64
2024-05-23,Germany,18.9,0.7,0.597
2024-05-24,Germany,22.3,4.6,0.683
2024-05-25,Germany,21.2,4.3,0.654
2024-05-26,Germany,17.2,4.6,0.554
2024-05-27,Germany,15.6,0.0,0.515
2024-05-28,Germany,17.3,1.5,0.559
2024-05-29,Germany,12.7,4.3,0.442
2024-05-30,Germany,15.2,5.1,0.504
2024-05-31,Germany,13.6,2.1,0.466
2024-06-01,Germany,23.5,3.6,0.711
2024-06-02,Germany,15.6,3.5,0.514
2024-06-03,Germany,24.4,2.0,0.736
2024-06-04,Germany,21.8,1.3,0.67
2024-06-05,Germany,19.6,5.2,0.615
2024-06-06,Germany,20.7,5.6,0.641
2024-06-07,Germany,21.3,7.4,0.657
2024-06-08,Germany,15.3,2.6,0.508
2024-06-09,Germany,16.7,1.0,0.544
2024-06-10,Germany,17.0,3.3,0.549
2024-06-11,Germany,20.7,3.9,0.642
2024-06-12,Germany,16.6,2.4,0.541
2024-06-13,Germany,17.1,4.9,0.553
2024-06-14,Germany,17.4,2.6,0.56
2024-06-15,Germany,21.7,1.8,0.667
2024-06-16,Germany,22.1,6.2,0.677
2024-06-17,Germany,20.6,4.8,0.639
2024-06-18,Germany,13.8,2.1,0.469
2024-06-19,Germany,20.6,0.9,0.639
2024-06-20,Germany,20.6,5.1,0.641
2024-06-21,Germany,14.4,0.6,0.484
2024-06-22,Germany,20.6,3.9,0.639
2024-06-23,Germany,22.2,3.2,0.68
2024-06-24,Germany,21.4,4.8,0.66
2024-06-25,Germany,18.8,1.8,0.594
2024-06-26,Germany,19.5,3.4,0.612
2024-06-27,Germany,18.0,2.2,0.576
2024-06-28,Germany,21.2,3.3,0.655
2024-06-29,Germany,19.4,0.0,0.611
2024-06-30,Germany,20.0,1.1,0.625
2024-01-01,United Kingdom,6.9,2.4,0.299
2024-01-02,United Kingdom,1.0,2.9,0.15
2024-01-03,United Kingdom,7.8,4.3,0.32
2024-01-04,United Kingdom,4.7,0.3,0.241
2024-01-05,United Kingdom,8.9,1.8,0.347
2024-01-06,United Kingdom,6.8,2.3,0.295
2024-01-07,United Kingdom,6.5,5.6,0.288
2024-01-08,United Kingdom,5.9,4.5,0.274
2024-01-09,United Kingdom,3.7,2.1,0.218
2024-01-10,United Kingdom,4.4,2.3,0.235
2024-01-11,United Kingdom,11.4,1.0,0.41
2024-01-12,United Kingdom,7.0,4.0,0.3
2024-01-13,United Kingdom,4.7,6.0,0.242
2024-01-14,United Kingdom,4.9,1.7,0.247
2024-01-15,United Kingdom,4.9,2.6,0.247
2024-01-16,United Kingdom,5.5,4.6,0.263
2024-01-17,United Kingdom,1.4,5.4,0.161
2024-01-18,United Kingdom,3.2,3.9,0.206
2024-01-19,United Kingdom,5.9,3.7,0.271
2024-01-20,United Kingdom,3.7,2.0,0.217
2024-01-21,United Kingdom,3.2,6.1,0.205
2024-01-22,United Kingdom,1.4,1.6,0.16
2024-01-23,United Kingdom,1.7,3.3,0.168
2024-01-24,United Kingdom,-0.6,0.3,0.111
2024-01-25,United Kingdom,3.2,0.4,0.205
2024-01-26,United Kingdom,0.4,0.4,0.135
2024-01-27,United Kingdom,1.5,4.5,0.162
2024-01-28,United Kingdom,6.9,6.8,0.297
2024-01-29,United Kingdom,9.6,4.6,0.366
2024-01-30,United Kingdom,7.1,3.3,0.302
2024-01-31,United Kingdom,5.6,6.9,0.264
2024-02-01,United Kingdom,7.1,5.3,0.303
2024-02-02,United Kingdom,3.2,1.7,0.205
2024-02-03,United Kingdom,6.9,3.3,0.298
2024-02-04,United Kingdom,4.1,7.8,0.229
2024-02-05,United Kingdom,6.5,2.1,0.288
2024-02-06,United Kingdom,6.5,3.1,0.286
2024-02-07,United Kingdom,6.6,0.0,0.289
2024-02-08,United Kingdom,9.9,5.7,0.372
2024-02-09,United Kingdom,10.4,3.7,0.385
2024-02-10,United Kingdom,8.0,1.3,0.325
2024-02-11,United Kingdom,8.5,3.5,0.337
2024-02-12,United Kingdom,4.6,4.7,0.24
2024-02-13,United Kingdom,8.7,3.1,0.343
2024-02-14,United Kingdom,7.3,0.9,0.308
2024-02-15,United Kingdom,9.7,1.2,0.368
2024-02-16,United Kingdom,3.9,3.1,0.222
2024-02-17,United Kingdom,9.3,5.2,0.359
2024-02-18,United Kingdom,6.0,4.5,0.275
2024-02-19,United Kingdom,0.9,1.6,0.148
2024-02-20,United Kingdom,3.9,5.5,0.223
2024-02-21,United Kingdom,8.0,3.4,0.324
2024-02-22,United Kingdom,6.8,6.1,0.296
2024-02-23,United Kingdom,5.5,0.4,0.262
2024-02-24,United Kingdom,9.3,3.4,0.357
2024-02-25,United Kingdom,8.9,2.9,0.347
2024-02-26,United Kingdom,3.5,3.8,0.212
2024-02-27,United Kingdom,6.0,3.4,0.276
2024-02-28,United Kingdom,10.8,0.8,0.396
2024-02-29,United Kingdom,6.9,1.4,0.296
2024-03-01,United Kingdom,1.2,2.9,0.156
2024-03-02,United Kingdom,9.1,4.2,0.352
2024-03-03,United Kingdom,8.3,0.0,0.334
2024-03-04,United Kingdom,6.5,5.6,0.288
2024-03-05,United Kingdom,6.5,6.2,0.287
2024-03-06,United Kingdom,12.1,2.4,0.429
2024-03-07,United Kingdom,6.8,5.1,0.295
2024-03-08,United Kingdom,8.3,0.0,0.332
2024-03-09,United Kingdom,10.7,3.8,0.392
2024-03-10,United Kingdom,12.4,3.7,0.435
2024-03-11,United Kingdom,7.4,5.5,0.309
2024-03-12,United Kingdom,13.1,3.5,0.453
2024-03-13,United Kingdom,9.2,0.4,0.355
2024-03-14,United Kingdom,7.2,4.5,0.304
2024-03-15,United Kingdom,7.3,0.1,0.308
2024-03-16,United Kingdom,19.5,0.1,0.612
2024-03-17,United Kingdom,15.8,2.4,0.519
2024-03-18,United Kingdom,8.7,1.7,0.344
2024-03-19,United Kingdom,11.3,0.1,0.409
2024-03-20,United Kingdom,3.5,6.2,0.212
2024-03-21,United Kingdom,6.6,4.5,0.29
2024-03-22,United Kingdom,5.7,4.4,0.269
2024-03-23,United Kingdom,14.1,1.9,0.476
2024-03-24,United Kingdom,3.2,6.4,0.205
2024-03-25,United Kingdom,11.8,2.1,0.419
2024-03-26,United Kingdom,8.3,0.8,0.334
2024-03-27,United Kingdom,13.3,1.9,0.457
2024-03-28,United Kingdom,4.7,3.4,0.244
2024-03-29,United Kingdom,6.4,0.9,0.285
2024-03-30,United Kingdom,7.7,3.2,0.318
2024-03-31,United Kingdom,4.9,5.8,0.246
2024-04-01,United Kingdom,14.0,2.3,0.476
2024-04-02,United Kingdom,9.3,2.8,0.357
2024-04-03,United Kingdom,14.7,4.5,0.492
2024-04-04,United Kingdom,15.2,2.0,0.504
2024-04-05,United Kingdom,3.2,5.5,0.206
2024-04-06,United Kingdom,11.5,4.3,0.412
2024-04-07,United Kingdom,17.0,7.9,0.55
2024-04-08,United Kingdom,10.1,3.3,0.376
2024-04-09,United Kingdom,16.1,1.3,0.528
2024-04-10,United Kingdom,10.3,1.8,0.381
2024-04-11,United Kingdom,11.9,2.6,0.423
2024-04-12,United Kingdom,10.2,1.1,0.38
2024-04-13,United Kingdom,14.4,5.7,0.486
2024-04-14,United Kingdom,16.4,2.0,0.536
2024-04-15,United Kingdom,14.6,3.5,0.489
2024-04-16,United Kingdom,10.3,4.5,0.382
2024-04-17,United Kingdom,10.2,2.2,0.379
2024-04-18,United Kingdom,7.9,2.1,0.322
2024-04-19,United Kingdom,12.8,6.1,0.444
2024-04-20,United Kingdom,10.9,0.9,0.398
2024-04-21,United Kingdom,16.5,2.0,0.537
2024-04-22,United Kingdom,6.8,3.3,0.294
2024-04-23,United Kingdom,11.0,7.6,0.401
2024-04-24,United Kingdom,13.4,2.7,0.461
2024-04-25,United Kingdom,9.2,3.7,0.356
2024-04-26,United Kingdom,16.4,3.6,0.534
2024-04-27,United Kingdom,9.5,4.1,0.361
2024-04-28,United Kingdom,11.9,3.9,0.421
2024-04-29,United Kingdom,10.9,2.2,0.398
2024-04-30,United Kingdom,10.7,4.9,0.394
2024-05-01,United Kingdom,14.9,2.1,0.497
2024-05-02,United Kingdom,13.2,3.9,0.454
2024-05-03,United Kingdom,16.9,2.1,0.548
2024-05-04,United Kingdom,13.9,6.8,0.472
2024-05-05,United Kingdom,10.4,4.0,0.384
2024-05-06,United Kingdom,19.9,0.0,0.622
2024-05-07,United Kingdom,18.4,2.6,0.585
2024-05-08,United Kingdom,16.8,2.4,0.544
2024-05-09,United Kingdom,19.2,3.7,0.606
2024-05-10,United Kingdom,16.4,1.2,0.535
2024-05-11,United Kingdom,21.6,3.0,0.666
2024-05-12,United Kingdom,22.9,6.9,0.697
2024-05-13,United Kingdom,10.7,1.7,0.392
2024-05-14,United Kingdom,12.9,2.9,0.447
2024-05-15,United Kingdom,16.6,3.5,0.539
2024-05-16,United Kingdom,19.2,6.0,0.604
2024-05-17,United Kingdom,18.9,1.9,0.598
2024-05-18,United Kingdom,13.7,3.0,0.466
2024-05-19,United Kingdom,17.3,2.6,0.557
2024-05-20,United Kingdom,12.0,4.4,0.424
2024-05-21,United Kingdom,14.8,2.2,0.496
2024-05-22,United Kingdom,15.8,2.5,0.521
2024-05-23,United Kingdom,14.9,0.4,0.498
2024-05-24,United Kingdom,15.7,4.4,0.517
2024-05-25,United Kingdom,16.8,4.9,0.545
2024-05-26,United Kingdom,13.8,0.4,0.47
2024-05-27,United Kingdom,15.3,1.8,0.507
2024-05-28,United Kingdom,14.5,3.4,0.487
2024-05-29,United Kingdom,14.5,0.5,0.487
2024-05-30,United Kingdom,14.3,3.7,0.483
2024-05-31,United Kingdom,18.0,4.3,0.575
2024-06-01,United Kingdom,21.3,2.7,0.657
2024-06-02,United Kingdom,21.2,2.9,0.655
2024-06-03,United Kingdom,20.3,1.1,0.633
2024-06-04,United Kingdom,20.1,3.8,0.628
2024-06-05,United Kingdom,21.0,0.4,0.651
2024-06-06,United Kingdom,20.3,0.1,0.632
2024-06-07,United Kingdom,20.5,1.6,0.638
2024-06-08,United Kingdom,25.1,3.2,0.753
2024-06-09,United Kingdom,22.4,7.2,0.685
2024-06-10,United Kingdom,17.5,3.9,0.564
2024-06-11,United Kingdom,16.4,3.7,0.536
2024-06-12,United Kingdom,25.3,1.7,0.757
2024-06-13,United Kingdom,17.3,2.8,0.559
2024-06-14,United Kingdom,26.1,4.5,0.778
2024-06-15,United Kingdom,17.3,5.9,0.557
2024-06-16,United Kingdom,15.0,7.3,0.501
2024-06-17,United Kingdom,22.6,6.5,0.689
2024-06-18,United Kingdom,15.1,3.3,0.501
2024-06-19,United Kingdom,19.6,1.0,0.615
2024-06-20,United Kingdom,16.1,4.0,0.528
2024-06-21,United Kingdom,21.8,5.6,0.67
2024-06-22,United Kingdom,18.5,2.7,0.587
2024-06-23,United Kingdom,15.9,6.1,0.521
2024-06-24,United Kingdom,20.2,4.4,0.63
2024-06-25,United Kingdom,22.3,5.9,0.682
2024-06-26,United Kingdom,17.5,4.4,0.563
2024-06-27,United Kingdom,19.9,7.2,0.623
2024-06-28,United Kingdom,17.5,5.3,0.562
2024-06-29,United Kingdom,21.1,3.6,0.651
2024-06-30,United Kingdom,20.2,5.7,0.629
2024-01-01,Italy,7.8,0.0,0.32
2024-01-02,Italy,10.7,5.1,0.391
2024-01-03,Italy,8.8,0.7,0.344
2024-01-04,Italy,4.1,0.0,0.227
2024-01-05,Italy,8.4,0.3,0.335
2024-01-06,Italy,1.8,5.5,0.171
2024-01-07,Italy,9.3,2.3,0.358
2024-01-08,Italy,6.6,0.0,0.29
2024-01-09,Italy,9.8,1.6,0.369
2024-01-10,Italy,8.0,0.0,0.325
2024-01-11,Italy,9.9,1.5,0.373
2024-01-12,Italy,2.9,2.3,0.197
2024-01-13,Italy,5.2,5.1,0.255
2024-01-14,Italy,5.7,5.7,0.268
2024-01-15,Italy,8.0,4.8,0.325
2024-01-16,Italy,7.0,5.5,0.3
2024-01-17,Italy,3.5,3.2,0.213
2024-01-18,Italy,5.8,5.8,0.27
2024-01-19,Italy,11.5,3.0,0.412
2024-01-20,Italy,3.1,3.9,0.203
2024-01-21,Italy,2.0,6.3,0.175
2024-01-22,Italy,5.6,2.9,0.265
2024-01-23,Italy,5.0,1.2,0.249
2024-01-24,Italy,9.2,2.7,0.355
2024-01-25,Italy,7.1,1.0,0.303
2024-01-26,Italy,9.6,4.9,0.364
2024-01-27,Italy,6.4,5.5,0.284
2024-01-28,Italy,6.7,4.6,0.292
2024-01-29,Italy,2.1,3.7,0.178
2024-01-30,Italy,6.2,3.3,0.28
2024-01-31,Italy,7.3,3.3,0.308
2024-02-01,Italy,10.8,1.9,0.396
2024-02-02,Italy,10.7,5.5,0.393
2024-02-03,Italy,4.8,1.4,0.244
2024-02-04,Italy,6.8,0.8,0.295
2024-02-05,Italy,7.6,5.1,0.314
2024-02-06,Italy,13.3,3.2,0.459
2024-02-07,Italy,8.0,4.6,0.326
2024-02-08,Italy,1.9,0.9,0.173
2024-02-09,Italy,2.0,0.9,0.176
2024-02-10,Italy,6.7,6.0,0.292
2024-02-11,Italy,0.7,2.2,0.143
2024-02-12,Italy,10.9,3.8,0.396
2024-02-13,Italy,13.4,3.3,0.46
2024-02-14,Italy,10.1,0.0,0.378
2024-02-15,Italy,6.0,0.0,0.276
2024-02-16,Italy,10.7,3.7,0.393
2024-02-17,Italy,9.9,1.2,0.374
2024-02-18,Italy,6.1,3.4,0.277
2024-02-19,Italy,7.0,1.0,0.3
2024-02-20,Italy,7.5,1.7,0.312
2024-02-21,Italy,6.4,0.5,0.285
2024-02-22,Italy,10.3,6.1,0.384
2024-02-23,Italy,8.9,3.4,0.347
2024-02-24,Italy,10.6,3.7,0.39
2024-02-25,Italy,6.5,6.4,0.286
2024-02-26,Italy,6.7,4.3,0.293
2024-02-27,Italy,10.6,0.0,0.39
2024-02-28,Italy,7.9,3.1,0.323
2024-02-29,Italy,9.4,3.6,0.36
2024-03-01,Italy,14.3,3.0,0.482
2024-03-02,Italy,13.1,2.9,0.452
2024-03-03,Italy,8.9,3.1,0.349
2024-03-04,Italy,14.2,5.2,0.481
2024-03-05,Italy,13.6,5.7,0.465
2024-03-06,Italy,13.3,4.7,0.456
2024-03-07,Italy,14.8,2.6,0.495
2024-03-08,Italy,14.2,1.1,0.479
2024-03-09,Italy,13.0,4.2,0.451
2024-03-10,Italy,15.2,4.6,0.504
2024-03-11,Italy,15.2,2.8,0.505
2024-03-12,Italy,11.0,2.5,0.399
2024-03-13,Italy,12.8,0.0,0.445
2024-03-14,Italy,16.0,3.1,0.525
2024-03-15,Italy,10.8,0.0,0.394
2024-03-16,Italy,11.9,2.6,0.422
2024-03-17,Italy,9.3,1.7,0.358
2024-03-18,Italy,11.9,1.8,0.423
2024-03-19,Italy,13.7,1.5,0.468
2024-03-20,Italy,12.5,5.4,0.437
2024-03-21,Italy,11.9,3.7,0.422
2024-03-22,Italy,12.9,3.0,0.447
2024-03-23,Italy,11.8,1.9,0.42
2024-03-24,Italy,12.5,2.4,0.436
2024-03-25,Italy,16.6,4.6,0.541
2024-03-26,Italy,7.6,0.2,0.316
2024-03-27,Italy,11.6,2.2,0.415
2024-03-28,Italy,11.5,4.3,0.411
2024-03-29,Italy,12.9,3.6,0.449
2024-03-30,Italy,16.3,0.2,0.533
2024-03-31,Italy,12.3,1.8,0.433
2024-04-01,Italy,19.3,0.0,0.608
2024-04-02,Italy,8.5,3.6,0.338
2024-04-03,Italy,18.4,4.5,0.584
2024-04-04,Italy,12.6,6.0,0.44
2024-04-05,Italy,11.3,5.6,0.408
2024-04-06,Italy,11.7,2.3,0.418
2024-04-07,Italy,16.9,0.1,0.548
2024-04-08,Italy,19.4,2.3,0.61
2024-04-09,Italy,15.4,5.3,0.51
2024-04-10,Italy,12.6,5.1,0.441
2024-04-11,Italy,19.9,1.7,0.623
2024-04-12,Italy,19.1,0.0,0.603
2024-04-13,Italy,16.2,0.5,0.529
2024-04-14,Italy,17.8,4.7,0.571
2024-04-15,Italy,21.2,5.8,0.656
2024-04-16,Italy,14.5,0.8,0.488
2024-04-17,Italy,16.7,2.9,0.542
2024-04-18,Italy,19.7,0.0,0.616
2024-04-19,Italy,21.6,4.1,0.664
2024-04-20,Italy,12.6,4.5,0.439
2024-04-21,Italy,18.9,3.2,0.597
2024-04-22,Italy,9.7,2.4,0.368
2024-04-23,Italy,18.1,4.0,0.578
2024-04-24,Italy,14.5,5.6,0.488
2024-04-25,Italy,17.2,4.6,0.555
2024-04-26,Italy,13.8,2.0,0.469
2024-04-27,Italy,9.9,2.5,0.373
2024-04-28,Italy,17.8,2.6,0.57
2024-04-29,Italy,16.3,5.2,0.533
2024-04-30,Italy,16.1,3.9,0.528
2024-05-01,Italy,13.9,2.4,0.473
2024-05-02,Italy,23.2,3.2,0.704
2024-05-03,Italy,23.7,1.6,0.717
2024-05-04,Italy,18.7,2.2,0.593
2024-05-05,Italy,19.8,4.8,0.619
2024-05-06,Italy,19.8,5.1,0.62
2024-05-07,Italy,18.0,2.6,0.574
2024-05-08,Italy,12.7,4.3,0.443
2024-05-09,Italy,18.5,2.9,0.588
2024-05-10,Italy,17.4,2.9,0.561
2024-05-11,Italy,17.3,1.9,0.557
2024-05-12,Italy,18.7,4.0,0.593
2024-05-13,Italy,15.7,2.2,0.517
2024-05-14,Italy,17.4,3.0,0.56
2024-05-15,Italy,17.6,4.3,0.565
2024-05-16,Italy,13.0,0.0,0.451
2024-05-17,Italy,18.6,1.8,0.59
2024-05-18,Italy,20.7,5.3,0.641
2024-05-19,Italy,18.7,0.9,0.593
2024-05-20,Italy,21.2,3.4,0.654
2024-05-21,Italy,13.5,0.2,0.463
2024-05-22,Italy,22.6,5.7,0.689
2024-05-23,Italy,10.4,0.3,0.386
2024-05-24,Italy,21.4,3.0,0.661
2024-05-25,Italy,20.1,2.9,0.628
2024-05-26,Italy,20.0,3.0,0.624
2024-05-27,Italy,16.7,5.1,0.542
2024-05-28,Italy,18.6,4.3,0.59
2024-05-29,Italy,18.5,2.0,0.587
2024-05-30,Italy,22.8,3.7,0.696
2024-05-31,Italy,16.9,5.6,0.548
2024-06-01,Italy,19.0,7.5,0.601
2024-06-02,Italy,22.5,0.5,0.687
2024-06-03,Italy,28.7,2.1,0.843
2024-06-04,Italy,23.7,4.4,0.718
2024-06-05,Italy,26.6,3.6,0.789
2024-06-06,Italy,21.1,3.4,0.651
2024-06-07,Italy,21.7,3.5,0.669
2024-06-08,Italy,27.9,4.5,0.822
2024-06-09,Italy,23.6,4.5,0.715
2024-06-10,Italy,25.4,0.8,0.761
2024-06-11,Italy,23.1,8.1,0.703
2024-06-12,Italy,26.6,2.0,0.791
2024-06-13,Italy,21.2,1.7,0.655
2024-06-14,Italy,25.6,6.2,0.765
2024-06-15,Italy,24.7,3.3,0.744
2024-06-16,Italy,21.7,3.7,0.667
2024-06-17,Italy,20.5,0.0,0.638
2024-06-18,Italy,27.9,1.0,0.823
2024-06-19,Italy,22.0,4.3,0.676
2024-06-20,Italy,27.3,3.5,0.808
2024-06-21,Italy,19.4,2.4,0.61
2024-06-22,Italy,21.0,2.9,0.649
2024-06-23,Italy,26.7,0.0,0.792
2024-06-24,Italy,21.8,2.0,0.669
2024-06-25,Italy,19.2,4.2,0.606
2024-06-26,Italy,18.8,0.4,0.594
2024-06-27,Italy,25.6,6.0,0.764
2024-06-28,Italy,22.8,0.6,0.694
2024-06-29,Italy,20.9,5.0,0.647
2024-06-30,Italy,23.3,2.8,0.709
2024-01-01,Spain,7.9,2.9,0.323
2024-01-02,Spain,11.6,1.5,0.416
2024-01-03,Spain,4.4,0.2,0.235
2024-01-04,Spain,5.4,0.8,0.26
2024-01-05,Spain,7.7,3.0,0.316
2024-01-06,Spain,3.8,4.2,0.219
2024-01-07,Spain,11.6,3.7,0.414
2024-01-08,Spain,-0.6,7.0,0.109
2024-01-09,Spain,9.2,6.9,0.356
2024-01-10,Spain,10.3,5.6,0.382
2024-01-11,Spain,7.6,2.5,0.315
2024-01-12,Spain,8.1,1.6,0.328
2024-01-13,Spain,8.3,0.0,0.333
2024-01-14,Spain,7.1,5.7,0.303
2024-01-15,Spain,7.3,6.5,0.307
2024-01-16,Spain,6.2,5.0,0.28
2024-01-17,Spain,4.4,4.9,0.234
2024-01-18,Spain,7.7,2.6,0.317
2024-01-19,Spain,-0.7,2.5,0.107
2024-01-20,Spain,7.6,4.7,0.316
2024-01-21,Spain,11.7,7.1,0.417
2024-01-22,Spain,10.7,1.9,0.393
2024-01-23,Spain,6.1,4.5,0.277
2024-01-24,Spain,8.6,6.3,0.339
2024-01-25,Spain,14.4,7.5,0.486
2024-01-26,Spain,11.5,4.1,0.412
2024-01-27,Spain,11.0,6.3,0.401
2024-01-28,Spain,6.6,1.9,0.289
2024-01-29,Spain,4.7,1.2,0.242
2024-01-30,Spain,2.9,3.5,0.196
2024-01-31,Spain,4.0,1.4,0.225
2024-02-01,Spain,11.1,3.4,0.403
2024-02-02,Spain,10.3,5.7,0.382
2024-02-03,Spain,11.6,6.0,0.415
2024-02-04,Spain,9.2,6.2,0.356
2024-02-05,Spain,10.1,3.3,0.377
2024-02-06,Spain,13.4,1.3,0.46
2024-02-07,Spain,15.1,2.4,0.502
2024-02-08,Spain,5.3,4.3,0.259
2024-02-09,Spain,7.9,7.1,0.322
2024-02-10,Spain,7.7,3.6,0.318
2024-02-11,Spain,4.7,4.6,0.243
2024-02-12,Spain,6.7,4.4,0.292
2024-02-13,Spain,7.7,0.0,0.318
2024-02-14,Spain,9.4,3.2,0.36
2024-02-15,Spain,11.6,6.1,0.416
2024-02-16,Spain,14.7,4.7,0.493
2024-02-17,Spain,9.8,0.1,0.371
2024-02-18,Spain,9.6,3.4,0.365
2024-02-19,Spain,8.4,4.3,0.335
2024-02-20,Spain,12.4,1.4,0.434
2024-02-21,Spain,6.5,2.7,0.287
2024-02-22,Spain,7.2,0.0,0.304
2024-02-23,Spain,6.0,0.5,0.275
2024-02-24,Spain,12.6,6.4,0.441
2024-02-25,Spain,5.7,4.1,0.268
2024-02-26,Spain,11.6,0.0,0.416
2024-02-27,Spain,9.5,8.1,0.362
2024-02-28,Spain,11.0,2.5,0.401
2024-02-29,Spain,7.3,0.0,0.308
2024-03-01,Spain,13.4,6.9,0.46
2024-03-02,Spain,9.6,0.0,0.364
2024-03-03,Spain,10.0,4.8,0.375
2024-03-04,Spain,10.7,1.4,0.393
2024-03-05,Spain,12.1,3.5,0.426
2024-03-06,Spain,7.8,2.6,0.321
2024-03-07,Spain,10.5,1.7,0.388
2024-03-08,Spain,8.9,4.9,0.349
2024-03-09,Spain,10.1,0.0,0.377
2024-03-10,Spain,12.8,4.5,0.445
2024-03-11,Spain,9.6,1.9,0.365
2024-03-12,Spain,10.1,2.3,0.376
2024-03-13,Spain,15.3,2.8,0.508
2024-03-14,Spain,14.5,1.1,0.488
2024-03-15,Spain,10.8,4.9,0.396
2024-03-16,Spain,9.6,5.0,0.365
2024-03-17,Spain,10.1,2.4,0.378
2024-03-18,Spain,17.0,2.1,0.55
2024-03-19,Spain,12.4,4.2,0.436
2024-03-20,Spain,12.7,3.5,0.442
2024-03-21,Spain,11.8,0.4,0.421
2024-03-22,Spain,13.0,1.5,0.451
2024-03-23,Spain,14.3,5.7,0.483
2024-03-24,Spain,6.6,5.7,0.29
2024-03-25,Spain,10.8,2.7,0.394
2024-03-26,Spain,9.3,3.4,0.357
2024-03-27,Spain,12.2,5.2,0.43
2024-03-28,Spain,9.8,6.3,0.369
2024-03-29,Spain,14.0,3.2,0.475
2024-03-30,Spain,11.5,2.4,0.411
2024-03-31,Spain,11.3,3.3,0.407
2024-04-01,Spain,14.4,1.7,0.484
2024-04-02,Spain,15.5,1.3,0.513
2024-04-03,Spain,16.0,2.6,0.524
2024-04-04,Spain,17.1,5.0,0.552
2024-04-05,Spain,18.0,3.6,0.574
2024-04-06,Spain,16.3,2.4,0.533
2024-04-07,Spain,17.0,4.6,0.551
2024-04-08,Spain,10.3,3.8,0.382
2024-04-09,Spain,19.1,2.3,0.603
2024-04-10,Spain,13.3,2.2,0.457
2024-04-11,Spain,10.5,3.3,0.387
2024-04-12,Spain,15.1,3.4,0.502
2024-04-13,Spain,16.2,1.4,0.531
2024-04-14,Spain,15.8,3.9,0.52
2024-04-15,Spain,13.5,3.8,0.463
2024-04-16,Spain,15.2,1.7,0.506
2024-04-17,Spain,15.8,2.4,0.521
2024-04-18,Spain,17.1,2.5,0.552
2024-04-19,Spain,11.1,3.5,0.403
2024-04-20,Spain,15.7,0.8,0.517
2024-04-21,Spain,17.3,4.4,0.556
2024-04-22,Spain,12.4,1.7,0.435
2024-04-23,Spain,14.6,1.5,0.489
2024-04-24,Spain,16.9,3.3,0.548
2024-04-25,Spain,11.7,1.4,0.418
2024-04-26,Spain,18.6,6.1,0.589
2024-04-27,Spain,16.6,2.6,0.54
2024-04-28,Spain,13.7,4.1,0.467
2024-04-29,Spain,15.2,0.0,0.506
2024-04-30,Spain,18.1,5.7,0.577
2024-05-01,Spain,20.2,0.8,0.63
2024-05-02,Spain,16.1,0.0,0.527
2024-05-03,Spain,22.8,2.3,0.695
2024-05-04,Spain,25.0,6.9,0.75
2024-05-05,Spain,15.3,1.6,0.507
2024-05-06,Spain,19.4,0.0,0.61
2024-05-07,Spain,16.7,1.9,0.542
2024-05-08,Spain,23.6,3.3,0.714
2024-05-09,Spain,17.1,1.7,0.554
2024-05-10,Spain,20.7,2.0,0.642
2024-05-11,Spain,17.8,1.7,0.571
2024-05-12,Spain,13.4,1.0,0.461
2024-05-13,Spain,16.5,2.5,0.537
2024-05-14,Spain,17.3,2.8,0.559
2024-05-15,Spain,16.5,5.7,0.538
2024-05-16,Spain,20.8,2.7,0.646
2024-05-17,Spain,18.8,2.3,0.594
2024-05-18,Spain,9.5,3.0,0.362
2024-05-19,Spain,18.9,0.0,0.598
2024-05-20,Spain,19.5,2.4,0.612
2024-05-21,Spain,19.0,2.5,0.6
2024-05-22,Spain,21.8,3.5,0.669
2024-05-23,Spain,21.0,5.2,0.65
2024-05-24,Spain,14.6,1.5,0.491
2024-05-25,Spain,19.4,2.3,0.609
2024-05-26,Spain,17.3,5.6,0.557
2024-05-27,Spain,17.1,1.1,0.552
2024-05-28,Spain,15.5,7.4,0.512
2024-05-29,Spain,17.5,0.3,0.562
2024-05-30,Spain,12.7,1.8,0.442
2024-05-31,Spain,17.4,4.9,0.56
2024-06-01,Spain,25.6,3.0,0.764
2024-06-02,Spain,21.6,3.7,0.666
2024-06-03,Spain,17.8,7.0,0.569
2024-06-04,Spain,25.0,4.7,0.749
2024-06-05,Spain,19.8,5.6,0.619
2024-06-06,Spain,21.6,1.1,0.665
2024-06-07,Spain,22.9,2.9,0.697
2024-06-08,Spain,19.8,1.2,0.619
2024-06-09,Spain,20.1,1.1,0.627
2024-06-10,Spain,21.8,0.2,0.671
2024-06-11,Spain,20.9,5.1,0.648
2024-06-12,Spain,25.5,0.9,0.762
2024-06-13,Spain,25.9,0.0,0.772
2024-06-14,Spain,30.3,5.6,0.882
2024-06-15,Spain,21.3,3.8,0.658
2024-06-16,Spain,18.8,3.1,0.595
2024-06-17,Spain,22.4,1.3,0.686
2024-06-18,Spain,21.6,1.9,0.665
2024-06-19,Spain,19.6,1.3,0.615
2024-06-20,Spain,18.7,4.7,0.592
2024-06-21,Spain,20.2,0.6,0.63
2024-06-22,Spain,25.5,3.7,0.763
2024-06-23,Spain,25.4,4.8,0.76
2024-06-24,Spain,28.8,2.7,0.845
2024-06-25,Spain,18.6,3.5,0.591
2024-06-26,Spain,21.0,1.1,0.65
2024-06-27,Spain,23.3,4.7,0.707
2024-06-28,Spain,20.5,5.5,0.637
2024-06-29,Spain,20.0,2.5,0.626
2024-06-30,Spain,24.2,2.2,0.729
2024-01-01,Netherlands,-1.3,4.9,0.092
2024-01-02,Netherlands,2.1,4.5,0.178
2024-01-03,Netherlands,0.2,0.8,0.13
2024-01-04,Netherlands,6.6,3.7,0.29
2024-01-05,Netherlands,2.7,3.7,0.192
2024-01-06,Netherlands,1.1,3.2,0.153
2024-01-07,Netherlands,4.4,2.3,0.235
2024-01-08,Netherlands,1.5,3.1,0.162
2024-01-09,Netherlands,3.8,2.1,0.221
2024-01-10,Netherlands,0.9,3.0,0.147
2024-01-11,Netherlands,2.6,0.9,0.19
2024-01-12,Netherlands,4.1,6.2,0.228
2024-01-13,Netherlands,2.9,6.0,0.197
2024-01-14,Netherlands,10.3,1.1,0.384
2024-01-15,Netherlands,4.0,7.2,0.226
2024-01-16,Netherlands,3.6,3.1,0.216
2024-01-17,Netherlands,-1.0,1.9,0.1
2024-01-18,Netherlands,5.7,7.9,0.267
2024-01-19,Netherlands,3.4,0.0,0.21
2024-01-20,Netherlands,-0.2,2.9,0.12
2024-01-21,Netherlands,7.5,4.3,0.313
2024-01-22,Netherlands,5.4,5.6,0.26
2024-01-23,Netherlands,1.8,3.0,0.171
2024-01-24,Netherlands,2.4,2.5,0.186
2024-01-25,Netherlands,1.0,2.3,0.15
2024-01-26,Netherlands,3.9,2.3,0.223
2024-01-27,Netherlands,3.5,3.8,0.213
2024-01-28,Netherlands,7.7,5.6,0.318
2024-01-29,Netherlands,6.3,0.5,0.282
2024-01-30,Netherlands,2.9,2.5,0.198
2024-01-31,Netherlands,2.0,3.7,0.176
2024-02-01,Netherlands,1.2,6.4,0.155
2024-02-02,Netherlands,9.6,4.0,0.365
2024-02-03,Netherlands,5.8,5.5,0.27
2024-02-04,Netherlands,8.1,5.2,0.327
2024-02-05,Netherlands,5.8,6.6,0.271
2024-02-06,Netherlands,9.5,4.0,0.363
2024-02-07,Netherlands,9.8,2.2,0.369
2024-02-08,Netherlands,2.5,3.6,0.187
2024-02-09,Netherlands,5.8,2.6,0.271
2024-02-10,Netherlands,9.6,3.3,0.366
2024-02-11,Netherlands,6.8,2.3,0.295
2024-02-12,Netherlands,8.6,4.4,0.341
2024-02-13,Netherlands,8.6,2.0,0.341
2024-02-14,Netherlands,9.9,6.7,0.373
2024-02-15,Netherlands,8.5,1.4,0.338
2024-02-16,Netherlands,3.6,2.2,0.215
2024-02-17,Netherlands,4.3,2.9,0.233
2024-02-18,Netherlands,7.9,3.6,0.322
2024-02-19,Netherlands,6.6,2.5,0.29
2024-02-20,Netherlands,5.8,4.6,0.269
2024-02-21,Netherlands,-0.0,3.0,0.124
2024-02-22,Netherlands,6.9,4.6,0.297
2024-02-23,Netherlands,3.0,0.9,0.199
2024-02-24,Netherlands,7.8,0.0,0.319
2024-02-25,Netherlands,10.0,3.5,0.375
2024-02-26,Netherlands,10.7,0.8,0.392
2024-02-27,Netherlands,4.7,0.0,0.242
2024-02-28,Netherlands,3.6,2.6,0.215
2024-02-29,Netherlands,0.1,2.2,0.128
2024-03-01,Netherlands,3.0,2.5,0.201
2024-03-02,Netherlands,12.4,2.9,0.436
2024-03-03,Netherlands,14.0,4.6,0.474
2024-03-04,Netherlands,13.0,1.5,0.451
2024-03-05,Netherlands,6.6,3.7,0.291
2024-03-06,Netherlands,4.3,3.9,0.232
2024-03-07,Netherlands,8.0,5.7,0.326
2024-03-08,Netherlands,11.0,5.2,0.401
2024-03-09,Netherlands,6.7,5.1,0.293
2024-03-10,Netherlands,13.3,2.9,0.458
2024-03-11,Netherlands,6.8,1.6,0.295
2024-03-12,Netherlands,12.7,8.4,0.443
2024-03-13,Netherlands,6.1,0.9,0.276
2024-03-14,Netherlands,11.8,1.5,0.419
2024-03-15,Netherlands,12.1,3.9,0.426
2024-03-16,Netherlands,8.9,3.9,0.348
2024-03-17,Netherlands,10.1,2.6,0.379
2024-03-18,Netherlands,3.7,3.4,0.218
2024-03-19,Netherlands,13.7,0.0,0.468
2024-03-20,Netherlands,6.1,3.9,0.278
2024-03-21,Netherlands,9.1,3.8,0.353
2024-03-22,Netherlands,6.9,5.3,0.298
2024-03-23,Netherlands,9.1,4.4,0.354
2024-03-24,Netherlands,10.0,3.4,0.374
2024-03-25,Netherlands,10.9,3.4,0.397
2024-03-26,Netherlands,5.4,5.2,0.261
2024-03-27,Netherlands,11.5,0.0,0.411
2024-03-28,Netherlands,7.0,5.1,0.301
2024-03-29,Netherlands,3.5,4.9,0.213
2024-03-30,Netherlands,8.6,5.7,0.339
2024-03-31,Netherlands,9.0,1.6,0.35
2024-04-01,Netherlands,12.9,2.9,0.448
2024-04-02,Netherlands,9.6,7.4,0.364
2024-04-03,Netherlands,9.1,0.0,0.352
2024-04-04,Netherlands,16.7,1.8,0.544
2024-04-05,Netherlands,11.1,2.3,0.403
2024-04-06,Netherlands,10.3,1.5,0.382
2024-04-07,Netherlands,9.0,3.1,0.35
2024-04-08,Netherlands,10.8,4.5,0.395
2024-04-09,Netherlands,13.4,1.1,0.461
2024-04-10,Netherlands,12.3,2.2,0.433
2024-04-11,Netherlands,9.0,4.4,0.351
2024-04-12,Netherlands,11.6,2.2,0.416
2024-04-13,Netherlands,9.4,0.9,0.361
2024-04-14,Netherlands,18.0,3.7,0.574
2024-04-15,Netherlands,8.7,3.6,0.343
2024-04-16,Netherlands,15.2,3.3,0.505
2024-04-17,Netherlands,16.1,0.0,0.528
2024-04-18,Netherlands,6.0,3.5,0.276
2024-04-19,Netherlands,12.8,0.0,0.446
2024-04-20,Netherlands,10.1,1.0,0.378
2024-04-21,Netherlands,7.8,1.0,0.321
2024-04-22,Netherlands,13.8,1.0,0.47
2024-04-23,Netherlands,9.1,0.0,0.351
2024-04-24,Netherlands,15.8,3.9,0.52
2024-04-25,Netherlands,4.5,1.0,0.238
2024-04-26,Netherlands,13.6,5.6,0.465
2024-04-27,Netherlands,14.5,2.3,0.488
2024-04-28,Netherlands,6.2,4.7,0.28
2024-04-29,Netherlands,11.1,3.1,0.403
2024-04-30,Netherlands,11.5,0.3,0.412
2024-05-01,Netherlands,17.1,3.5,0.552
2024-05-02,Netherlands,14.7,3.9,0.493
2024-05-03,Netherlands,11.9,2.5,0.422
2024-05-04,Netherlands,16.1,0.0,0.527
2024-05-05,Netherlands,15.8,4.5,0.521
2024-05-06,Netherlands,15.1,2.9,0.502
2024-05-07,Netherlands,17.7,2.2,0.567
2024-05-08,Netherlands,15.1,0.6,0.503
2024-05-09,Netherlands,16.0,2.3,0.524
2024-05-10,Netherlands,17.5,4.1,0.562
2024-05-11,Netherlands,18.4,2.0,0.584
2024-05-12,Netherlands,9.5,4.5,0.362
2024-05-13,Netherlands,17.3,1.7,0.557
2024-05-14,Netherlands,17.7,0.1,0.567
2024-05-15,Netherlands,19.1,2.3,0.602
2024-05-16,Netherlands,13.5,1.8,0.463
2024-05-17,Netherlands,15.3,3.0,0.508
2024-05-18,Netherlands,16.1,2.1,0.529
2024-05-19,Netherlands,16.6,3.0,0.54
2024-05-20,Netherlands,14.1,1.4,0.476
2024-05-21,Netherlands,17.8,4.0,0.571
2024-05-22,Netherlands,16.2,4.8,0.529
2024-05-23,Netherlands,10.1,1.9,0.378
2024-05-24,Netherlands,12.5,7.5,0.438
2024-05-25,Netherlands,18.1,2.8,0.578
2024-05-26,Netherlands,18.4,5.2,0.584
2024-05-27,Netherlands,19.3,4.8,0.608
2024-05-28,Netherlands,15.2,2.0,0.505
2024-05-29,Netherlands,13.1,4.0,0.453
2024-05-30,Netherlands,15.5,2.2,0.513
2024-05-31,Netherlands,14.6,5.9,0.49
2024-06-01,Netherlands,22.9,6.7,0.696
2024-06-02,Netherlands,21.6,3.1,0.665
2024-06-03,Netherlands,19.9,1.0,0.623
2024-06-04,Netherlands,16.2,4.0,0.53
2024-06-05,Netherlands,17.2,3.4,0.555
2024-06-06,Netherlands,23.3,1.7,0.709
2024-06-07,Netherlands,26.0,1.0,0.776
2024-06-08,Netherlands,23.0,3.8,0.699
2024-06-09,Netherlands,23.6,0.8,0.715
2024-06-10,Netherlands,26.9,2.6,0.798
2024-06-11,Netherlands,22.0,5.9,0.676
2024-06-12,Netherlands,18.2,4.7,0.58
2024-06-13,Netherlands,17.7,5.8,0.567
2024-06-14,Netherlands,17.7,3.1,0.568
2024-06-15,Netherlands,20.9,4.6,0.648
2024-06-16,Netherlands,25.9,2.1,0.773
2024-06-17,Netherlands,23.4,6.9,0.71
2024-06-18,Netherlands,20.5,1.9,0.637
2024-06-19,Netherlands,14.8,6.8,0.495
2024-06-20,Netherlands,19.3,1.0,0.607
2024-06-21,Netherlands,15.9,1.0,0.523
2024-06-22,Netherlands,22.8,5.1,0.694
2024-06-23,Netherlands,22.0,3.3,0.674
2024-06-24,Netherlands,16.3,1.5,0.532
2024-06-25,Netherlands,16.7,4.1,0.542
2024-06-26,Netherlands,16.8,1.6,0.545
2024-06-27,Netherlands,19.4,0.0,0.611
2024-06-28,Netherlands,20.1,2.8,0.629
2024-06-29,Netherlands,23.6,1.4,0.714
2024-06-30,Netherlands,16.1,2.3,0.528
2024-01-01,Poland,0.7,3.1,0.143
2024-01-02,Poland,-1.6,1.8,0.086
2024-01-03,Poland,1.2,4.1,0.155
2024-01-04,Poland,1.6,0.0,0.164
2024-01-05,Poland,3.4,3.6,0.21
2024-01-06,Poland,3.2,1.8,0.205
2024-01-07,Poland,2.0,3.2,0.175
2024-01-08,Poland,1.3,2.3,0.158
2024-01-09,Poland,6.3,0.4,0.281
2024-01-10,Poland,3.9,0.0,0.222
2024-01-11,Poland,4.7,1.0,0.242
2024-01-12,Poland,7.1,0.0,0.301
2024-01-13,Poland,5.3,5.4,0.258
2024-01-14,Poland,0.9,1.3,0.148
2024-01-15,Poland,1.2,2.0,0.154
2024-01-16,Poland,5.6,1.9,0.264
2024-01-17,Poland,0.6,0.0,0.141
2024-01-18,Poland,8.8,6.4,0.345
2024-01-19,Poland,5.7,1.4,0.267
2024-01-20,Poland,6.2,4.9,0.281
2024-01-21,Poland,3.2,3.1,0.206
2024-01-22,Poland,7.7,0.0,0.317
2024-01-23,Poland,7.0,2.4,0.3
2024-01-24,Poland,0.7,0.9,0.142
2024-01-25,Poland,1.4,0.6,0.16
2024-01-26,Poland,9.3,4.0,0.358
2024-01-27,Poland,7.2,4.1,0.305
2024-01-28,Poland,4.2,3.1,0.23
2024-01-29,Poland,2.8,2.4,0.195
2024-01-30,Poland,-0.2,5.2,0.119
2024-01-31,Poland,-1.4,0.9,0.089
2024-02-01,Poland,12.0,3.3,0.426
2024-02-02,Poland,6.5,4.3,0.288
2024-02-03,Poland,1.4,0.2,0.159
2024-02-04,Poland,4.7,1.2,0.242
2024-02-05,Poland,5.8,4.0,0.269
2024-02-06,Poland,10.2,4.6,0.379
2024-02-07,Poland,3.0,2.3,0.2
2024-02-08,Poland,4.1,1.0,0.226
2024-02-09,Poland,2.3,6.3,0.182
2024-02-10,Poland,6.0,2.6,0.276
2024-02-11,Poland,7.5,4.1,0.311
2024-02-12,Poland,9.4,1.5,0.359
2024-02-13,Poland,7.2,1.2,0.305
2024-02-14,Poland,5.4,3.1,0.261
2024-02-15,Poland,6.5,3.2,0.287
2024-02-16,Poland,8.4,1.8,0.335
2024-02-17,Poland,6.5,1.5,0.289
2024-02-18,Poland,14.8,1.2,0.494
2024-02-19,Poland,3.9,4.8,0.222
2024-02-20,Poland,4.7,4.8,0.243
2024-02-21,Poland,6.5,2.2,0.286
2024-02-22,Poland,3.7,1.4,0.219
2024-02-23,Poland,4.8,2.7,0.246
2024-02-24,Poland,3.5,2.8,0.213
2024-02-25,Poland,2.7,4.5,0.193
2024-02-26,Poland,8.8,1.6,0.346
2024-02-27,Poland,3.7,3.4,0.218
2024-02-28,Poland,9.8,6.0,0.37
2024-02-29,Poland,1.8,5.0,0.17
2024-03-01,Poland,8.8,2.9,0.345
2024-03-02,Poland,10.5,2.0,0.388
2024-03-03,Poland,12.3,5.8,0.432
2024-03-04,Poland,13.4,0.0,0.46
2024-03-05,Poland,8.3,0.0,0.333
2024-03-06,Poland,6.7,0.0,0.293
2024-03-07,Poland,10.4,3.4,0.384
2024-03-08,Poland,7.7,1.4,0.318
2024-03-09,Poland,9.9,1.0,0.374
2024-03-10,Poland,5.8,0.6,0.269
2024-03-11,Poland,8.4,1.8,0.335
2024-03-12,Poland,7.8,4.0,0.321
2024-03-13,Poland,11.9,5.9,0.422
2024-03-14,Poland,9.2,3.7,0.355
2024-03-15,Poland,9.6,0.0,0.364
2024-03-16,Poland,7.9,2.3,0.322
2024-03-17,Poland,7.5,2.9,0.312
2024-03-18,Poland,8.3,1.0,0.334
2024-03-19,Poland,8.5,1.7,0.339
2024-03-20,Poland,1.1,0.2,0.154
2024-03-21,Poland,9.3,5.2,0.357
2024-03-22,Poland,1.7,1.3,0.168
2024-03-23,Poland,10.3,4.8,0.382
2024-03-24,Poland,7.7,1.6,0.318
2024-03-25,Poland,12.7,4.6,0.441
2024-03-26,Poland,11.6,2.1,0.414
2024-03-27,Poland,12.3,0.0,0.434
2024-03-28,Poland,12.4,2.9,0.435
2024-03-29,Poland,9.4,1.1,0.36
2024-03-30,Poland,3.6,3.2,0.214
2024-03-31,Poland,10.7,4.4,0.391
2024-04-01,Poland,13.8,3.7,0.47
2024-04-02,Poland,9.2,4.5,0.356
2024-04-03,Poland,8.9,5.2,0.347
2024-04-04,Poland,11.7,2.9,0.419
2024-04-05,Poland,14.6,5.0,0.49
2024-04-06,Poland,14.3,1.4,0.483
2024-04-07,Poland,14.3,1.4,0.482
2024-04-08,Poland,14.4,0.1,0.484
2024-04-09,Poland,11.7,1.4,0.418
2024-04-10,Poland,14.6,5.2,0.49
2024-04-11,Poland,12.6,3.3,0.44
2024-04-12,Poland,14.1,5.2,0.478
2024-04-13,Poland,12.1,2.0,0.428
2024-04-14,Poland,13.9,0.0,0.474
2024-04-15,Poland,14.7,1.6,0.493
2024-04-16,Poland,11.3,4.8,0.407
2024-04-17,Poland,10.8,4.3,0.394
2024-04-18,Poland,15.4,3.2,0.51
2024-04-19,Poland,12.9,2.8,0.448
2024-04-20,Poland,12.3,0.8,0.434
2024-04-21,Poland,11.1,0.4,0.403
2024-04-22,Poland,9.3,0.0,0.358
2024-04-23,Poland,12.8,6.4,0.445
2024-04-24,Poland,10.6,4.9,0.391
2024-04-25,Poland,15.4,0.6,0.509
2024-04-26,Poland,9.0,5.0,0.351
2024-04-27,Poland,11.7,0.4,0.418
2024-04-28,Poland,10.1,3.8,0.377
2024-04-29,Poland,9.6,0.0,0.365
2024-04-30,Poland,11.0,2.5,0.401
2024-05-01,Poland,16.0,5.5,0.526
2024-05-02,Poland,16.2,3.5,0.529
2024-05-03,Poland,19.2,3.0,0.604
2024-05-04,Poland,22.4,0.5,0.685
2024-05-05,Poland,13.2,4.2,0.455
2024-05-06,Poland,19.8,2.6,0.619
2024-05-07,Poland,13.0,6.5,0.449
2024-05-08,Poland,13.6,3.7,0.466
2024-05-09,Poland,19.9,2.1,0.624
2024-05-10,Poland,14.1,1.9,0.478
2024-05-11,Poland,18.7,5.1,0.593
2024-05-12,Poland,16.1,6.8,0.528
2024-05-13,Poland,16.1,5.6,0.527
2024-05-14,Poland,14.7,7.7,0.493
2024-05-15,Poland,20.7,2.7,0.643
2024-05-16,Poland,20.3,5.8,0.633
2024-05-17,Poland,20.7,0.0,0.641
2024-05-18,Poland,18.2,4.1,0.579
2024-05-19,Poland,17.4,3.4,0.56
2024-05-20,Poland,16.7,5.6,0.544
2024-05-21,Poland,17.6,3.4,0.565
2024-05-22,Poland,19.4,3.8,0.61
2024-05-23,Poland,17.5,6.7,0.564
2024-05-24,Poland,14.7,0.0,0.492
2024-05-25,Poland,16.2,3.4,0.53
2024-05-26,Poland,18.2,3.2,0.579
2024-05-27,Poland,18.3,8.0,0.582
2024-05-28,Poland,18.4,5.0,0.585
2024-05-29,Poland,15.6,0.2,0.515
2024-05-30,Poland,9.1,2.0,0.353
2024-05-31,Poland,8.3,4.0,0.331
2024-06-01,Poland,18.9,0.4,0.596
2024-06-02,Poland,20.4,1.5,0.635
2024-06-03,Poland,21.4,4.4,0.659
2024-06-04,Poland,17.9,2.5,0.572
2024-06-05,Poland,20.6,0.2,0.641
2024-06-06,Poland,20.6,0.1,0.641
2024-06-07,Poland,21.7,2.1,0.667
2024-06-08,Poland,15.7,1.8,0.517
2024-06-09,Poland,18.4,5.1,0.585
2024-06-10,Poland,20.5,1.1,0.638
2024-06-11,Poland,24.9,4.3,0.749
2024-06-12,Poland,19.0,0.0,0.6
2024-06-13,Poland,18.7,2.6,0.593
2024-06-14,Poland,21.1,4.2,0.653
2024-06-15,Poland,22.4,0.0,0.685
2024-06-16,Poland,20.6,2.7,0.641
2024-06-17,Poland,28.0,3.1,0.826
2024-06-18,Poland,18.1,3.2,0.578
2024-06-19,Poland,20.0,0.0,0.624
2024-06-20,Poland,21.2,2.4,0.656
2024-06-21,Poland,19.9,1.3,0.623
2024-06-22,Poland,16.7,4.8,0.543
2024-06-23,Poland,23.3,3.8,0.708
2024-06-24,Poland,14.6,4.0,0.489
2024-06-25,Poland,14.6,1.7,0.49
2024-06-26,Poland,22.6,4.3,0.69
2024-06-27,Poland,21.4,5.6,0.659
2024-06-28,Poland,21.7,0.0,0.667
2024-06-29,Poland,18.9,2.9,0.597
2024-06-30,Poland,19.5,1.8,0.613
2024-01-01,Belgium,0.9,7.8,0.148
2024-01-02,Belgium,2.8,7.7,0.196
2024-01-03,Belgium,0.6,4.3,0.139
2024-01-04,Belgium,4.7,1.2,0.242
2024-01-05,Belgium,2.6,3.0,0.19
2024-01-06,Belgium,1.5,2.5,0.162
2024-01-07,Belgium,-3.1,4.4,0.048
2024-01-08,Belgium,7.7,3.9,0.317
2024-01-09,Belgium,10.8,4.4,0.395
2024-01-10,Belgium,7.4,5.5,0.311
2024-01-11,Belgium,-4.3,3.8,0.019
2024-01-12,Belgium,-0.1,0.6,0.121
2024-01-13,Belgium,1.0,2.4,0.149
2024-01-14,Belgium,6.0,3.9,0.274
2024-01-15,Belgium,4.0,4.4,0.224
2024-01-16,Belgium,6.4,3.9,0.284
2024-01-17,Belgium,-1.2,1.5,0.096
2024-01-18,Belgium,4.1,4.5,0.227
2024-01-19,Belgium,0.0,3.0,0.125
2024-01-20,Belgium,-0.7,5.1,0.108
2024-01-21,Belgium,4.7,0.3,0.243
2024-01-22,Belgium,-0.1,3.8,0.124
2024-01-23,Belgium,8.1,0.8,0.328
2024-01-24,Belgium,6.4,1.9,0.284
2024-01-25,Belgium,6.5,4.4,0.287
2024-01-26,Belgium,4.5,0.0,0.237
2024-01-27,Belgium,6.0,4.0,0.276
2024-01-28,Belgium,5.2,3.4,0.256
2024-01-29,Belgium,1.4,5.2,0.159
2024-01-30,Belgium,6.7,0.8,0.292
2024-01-31,Belgium,7.9,3.3,0.324
2024-02-01,Belgium,6.4,2.6,0.285
2024-02-02,Belgium,5.8,5.7,0.269
2024-02-03,Belgium,9.1,5.0,0.352
2024-02-04,Belgium,6.6,4.8,0.289
2024-02-05,Belgium,3.5,4.2,0.212
2024-02-06,Belgium,5.5,0.0,0.263
2024-02-07,Belgium,1.2,1.7,0.156
2024-02-08,Belgium,7.2,1.7,0.306
2024-02-09,Belgium,4.2,4.5,0.231
2024-02-10,Belgium,4.3,5.7,0.233
2024-02-11,Belgium,9.5,3.0,0.362
2024-02-12,Belgium,8.3,4.2,0.332
2024-02-13,Belgium,5.3,4.7,0.257
2024-02-14,Belgium,9.0,1.1,0.351
2024-02-15,Belgium,6.5,3.3,0.287
2024-02-16,Belgium,8.5,2.1,0.339
2024-02-17,Belgium,4.2,3.3,0.23
2024-02-18,Belgium,9.5,0.6,0.364
2024-02-19,Belgium,2.9,2.0,0.198
2024-02-20,Belgium,5.0,0.0,0.249
2024-02-21,Belgium,10.5,2.7,0.387
2024-02-22,Belgium,5.2,6.2,0.254
2024-02-23,Belgium,8.2,1.9,0.329
2024-02-24,Belgium,6.5,2.9,0.287
2024-02-25,Belgium,10.3,2.7,0.384
2024-02-26,Belgium,1.7,0.0,0.167
2024-02-27,Belgium,10.4,1.4,0.386
2024-02-28,Belgium,8.0,3.1,0.325
2024-02-29,Belgium,4.8,2.5,0.244
2024-03-01,Belgium,13.8,0.1,0.469
2024-03-02,Belgium,7.8,4.8,0.321
2024-03-03,Belgium,5.2,5.6,0.254
2024-03-04,Belgium,11.7,3.5,0.417
2024-03-05,Belgium,7.5,0.2,0.312
2024-03-06,Belgium,11.1,8.5,0.403
2024-03-07,Belgium,9.4,0.0,0.361
2024-03-08,Belgium,10.4,4.7,0.384
2024-03-09,Belgium,6.2,1.7,0.281
2024-03-10,Belgium,6.8,1.9,0.294
2024-03-11,Belgium,8.5,1.3,0.337
2024-03-12,Belgium,5.3,3.3,0.257
2024-03-13,Belgium,8.5,2.1,0.336
2024-03-14,Belgium,9.2,0.0,0.356
2024-03-15,Belgium,9.8,2.2,0.37
2024-03-16,Belgium,9.7,3.8,0.368
2024-03-17,Belgium,12.4,3.2,0.435
2024-03-18,Belgium,12.2,2.4,0.43
2024-03-19,Belgium,8.2,2.8,0.329
2024-03-20,Belgium,11.3,4.3,0.408
2024-03-21,Belgium,9.4,0.5,0.36
2024-03-22,Belgium,10.8,1.3,0.396
2024-03-23,Belgium,6.3,0.7,0.281
2024-03-24,Belgium,8.8,5.4,0.344
2024-03-25,Belgium,6.1,6.4,0.278
2024-03-26,Belgium,11.7,0.1,0.418
2024-03-27,Belgium,7.9,0.9,0.321
2024-03-28,Belgium,11.0,1.0,0.4
2024-03-29,Belgium,4.1,2.3,0.228
2024-03-30,Belgium,12.5,2.6,0.438
2024-03-31,Belgium,10.2,3.9,0.38
2024-04-01,Belgium,7.5,1.2,0.312
2024-04-02,Belgium,12.0,1.9,0.425
2024-04-03,Belgium,17.1,0.5,0.553
2024-04-04,Belgium,9.3,3.6,0.357
2024-04-05,Belgium,10.1,0.0,0.378
2024-04-06,Belgium,17.8,0.9,0.57
2024-04-07,Belgium,13.7,0.5,0.467
2024-04-08,Belgium,9.4,0.0,0.36
2024-04-09,Belgium,9.8,1.7,0.369
2024-04-10,Belgium,11.6,2.3,0.415
2024-04-11,Belgium,7.7,2.0,0.317
2024-04-12,Belgium,16.3,5.7,0.534
2024-04-13,Belgium,13.4,4.3,0.459
2024-04-14,Belgium,18.2,4.1,0.58
2024-04-15,Belgium,13.9,0.0,0.473
2024-04-16,Belgium,8.7,2.9,0.342
2024-04-17,Belgium,9.6,1.0,0.364
2024-04-18,Belgium,9.4,0.2,0.359
2024-04-19,Belgium,9.6,3.7,0.366
2024-04-20,Belgium,17.4,4.6,0.56
2024-04-21,Belgium,13.9,0.0,0.473
2024-04-22,Belgium,12.4,2.9,0.434
2024-04-23,Belgium,12.9,2.3,0.447
2024-04-24,Belgium,17.0,3.1,0.55
2024-04-25,Belgium,12.5,0.0,0.436
2024-04-26,Belgium,11.7,5.3,0.417
2024-04-27,Belgium,13.7,0.0,0.467
2024-04-28,Belgium,10.7,6.5,0.391
2024-04-29,Belgium,11.5,3.6,0.414
2024-04-30,Belgium,16.9,2.7,0.546
2024-05-01,Belgium,18.4,3.8,0.584
2024-05-02,Belgium,17.9,3.8,0.572
2024-05-03,Belgium,14.4,2.1,0.484
2024-05-04,Belgium,13.4,0.0,0.461
2024-05-05,Belgium,19.7,3.0,0.618
2024-05-06,Belgium,19.6,6.1,0.615
2024-05-07,Belgium,16.2,0.4,0.529
2024-05-08,Belgium,15.4,1.7,0.51
2024-05-09,Belgium,10.1,2.0,0.376
2024-05-10,Belgium,15.8,1.7,0.52
2024-05-11,Belgium,13.7,0.4,0.467
2024-05-12,Belgium,16.6,6.7,0.54
2024-05-13,Belgium,19.8,4.3,0.621
2024-05-14,Belgium,18.0,2.7,0.576
2024-05-15,Belgium,10.6,2.3,0.39
2024-05-16,Belgium,13.1,3.3,0.452
2024-05-17,Belgium,19.7,6.9,0.617
2024-05-18,Belgium,16.2,0.0,0.53
2024-05-19,Belgium,16.2,3.2,0.53
2024-05-20,Belgium,18.0,3.0,0.576
2024-05-21,Belgium,16.2,1.7,0.53
2024-05-22,Belgium,15.1,4.0,0.502
2024-05-23,Belgium,10.0,2.4,0.374
2024-05-24,Belgium,18.1,6.3,0.577
2024-05-25,Belgium,14.8,5.4,0.495
2024-05-26,Belgium,21.1,2.2,0.652
2024-05-27,Belgium,14.3,2.6,0.483
2024-05-28,Belgium,15.8,5.2,0.519
2024-05-29,Belgium,13.7,6.1,0.467
2024-05-30,Belgium,13.6,0.5,0.465
2024-05-31,Belgium,17.6,5.5,0.564
2024-06-01,Belgium,20.5,3.9,0.638
2024-06-02,Belgium,25.9,5.5,0.772
2024-06-03,Belgium,20.1,2.1,0.627
2024-06-04,Belgium,23.3,4.7,0.707
2024-06-05,Belgium,21.3,2.3,0.656
2024-06-06,Belgium,19.8,2.7,0.619
2024-06-07,Belgium,19.1,1.8,0.602
2024-06-08,Belgium,20.8,1.7,0.645
2024-06-09,Belgium,20.5,0.0,0.638
2024-06-10,Belgium,18.2,5.2,0.58
2024-06-11,Belgium,17.3,4.2,0.557
2024-06-12,Belgium,17.5,4.6,0.564
2024-06-13,Belgium,19.1,2.3,0.603
2024-06-14,Belgium,20.2,0.3,0.629
2024-06-15,Belgium,22.9,5.6,0.698
2024-06-16,Belgium,18.9,4.0,0.598
2024-06-17,Belgium,22.3,2.8,0.683
2024-06-18,Belgium,16.7,6.2,0.542
2024-06-19,Belgium,18.8,1.8,0.596
2024-06-20,Belgium,24.9,4.2,0.748
2024-06-21,Belgium,20.8,1.1,0.644
2024-06-22,Belgium,22.4,8.8,0.685
2024-06-23,Belgium,22.6,4.0,0.691
2024-06-24,Belgium,22.2,2.3,0.679
2024-06-25,Belgium,19.0,2.3,0.6
2024-06-26,Belgium,18.3,2.3,0.582
2024-06-27,Belgium,18.9,2.5,0.598
2024-06-28,Belgium,19.2,3.5,0.605
2024-06-29,Belgium,20.2,3.3,0.631
2024-06-30,Belgium,24.6,3.2,0.739
2024-01-01,Switzerland,10.6,3.7,0.391
2024-01-02,Switzerland,2.7,5.7,0.191
2024-01-03,Switzerland,3.8,0.0,0.219
2024-01-04,Switzerland,4.0,2.5,0.225
2024-01-05,Switzerland,8.8,1.2,0.345
2024-01-06,Switzerland,3.0,5.5,0.2
2024-01-07,Switzerland,5.2,2.7,0.255
2024-01-08,Switzerland,1.7,3.7,0.168
2024-01-09,Switzerland,3.9,1.5,0.223
2024-01-10,Switzerland,1.9,1.4,0.171
2024-01-11,Switzerland,1.0,4.9,0.151
2024-01-12,Switzerland,6.4,4.9,0.285
2024-01-13,Switzerland,4.0,2.5,0.225
2024-01-14,Switzerland,3.3,5.0,0.208
2024-01-15,Switzerland,-1.5,2.0,0.088
2024-01-16,Switzerland,1.3,5.7,0.158
2024-01-17,Switzerland,2.6,0.0,0.189
2024-01-18,Switzerland,4.7,2.3,0.242
2024-01-19,Switzerland,2.3,1.7,0.183
2024-01-20,Switzerland,1.9,4.4,0.173
2024-01-21,Switzerland,4.7,2.6,0.242
2024-01-22,Switzerland,0.7,2.7,0.143
2024-01-23,Switzerland,4.8,3.6,0.245
2024-01-24,Switzerland,4.5,1.2,0.237
2024-01-25,Switzerland,-3.2,6.6,0.045
2024-01-26,Switzerland,0.1,0.0,0.127
2024-01-27,Switzerland,4.4,0.0,0.235
2024-01-28,Switzerland,1.6,4.1,0.165
2024-01-29,Switzerland,9.3,3.8,0.358
2024-01-30,Switzerland,2.7,2.9,0.192
2024-01-31,Switzerland,-1.4,2.1,0.089
2024-02-01,Switzerland,4.7,3.3,0.241
2024-02-02,Switzerland,11.8,0.0,0.421
2024-02-03,Switzerland,4.8,0.0,0.244
2024-02-04,Switzerland,4.5,1.3,0.237
2024-02-05,Switzerland,1.5,4.8,0.163
2024-02-06,Switzerland,6.8,4.6,0.294
2024-02-07,Switzerland,4.4,2.9,0.235
2024-02-08,Switzerland,10.8,3.0,0.395
2024-02-09,Switzerland,8.4,1.8,0.336
2024-02-10,Switzerland,8.1,1.9,0.329
2024-02-11,Switzerland,0.3,3.0,0.133
2024-02-12,Switzerland,4.6,0.0,0.24
2024-02-13,Switzerland,6.6,1.2,0.289
2024-02-14,Switzerland,15.3,0.1,0.507
2024-02-15,Switzerland,2.4,4.7,0.184
2024-02-16,Switzerland,5.6,4.7,0.265
2024-02-17,Switzerland,7.1,1.8,0.304
2024-02-18,Switzerland,1.9,5.1,0.172
2024-02-19,Switzerland,2.1,4.1,0.178
2024-02-20,Switzerland,8.8,2.7,0.344
2024-02-21,Switzerland,5.1,1.0,0.252
2024-02-22,Switzerland,7.4,0.0,0.31
2024-02-23,Switzerland,8.1,3.2,0.329
2024-02-24,Switzerland,5.3,3.5,0.258
2024-02-25,Switzerland,1.9,0.0,0.172
2024-02-26,Switzerland,7.4,5.6,0.31
2024-02-27,Switzerland,0.8,0.9,0.145
2024-02-28,Switzerland,8.3,3.7,0.331
2024-02-29,Switzerland,14.9,5.2,0.497
2024-03-01,Switzerland,11.5,1.5,0.413
2024-03-02,Switzerland,10.6,6.0,0.389
2024-03-03,Switzerland,8.5,2.8,0.338
2024-03-04,Switzerland,9.4,1.7,0.361
2024-03-05,Switzerland,9.8,3.5,0.37
2024-03-06,Switzerland,13.4,2.6,0.461
2024-03-07,Switzerland,11.0,2.7,0.401
2024-03-08,Switzerland,10.9,2.5,0.398
2024-03-09,Switzerland,10.7,4.5,0.393
2024-03-10,Switzerland,5.8,5.2,0.27
2024-03-11,Switzerland,8.5,2.1,0.338
2024-03-12,Switzerland,6.9,3.6,0.297
2024-03-13,Switzerland,9.0,3.7,0.35
2024-03-14,Switzerland,10.2,4.2,0.379
2024-03-15,Switzerland,17.3,3.1,0.558
2024-03-16,Switzerland,6.8,0.0,0.295
2024-03-17,Switzerland,5.4,5.5,0.26
2024-03-18,Switzerland,11.2,0.3,0.404
2024-03-19,Switzerland,16.4,3.7,0.535
2024-03-20,Switzerland,10.4,7.5,0.385
2024-03-21,Switzerland,14.2,4.6,0.48
2024-03-22,Switzerland,11.5,4.8,0.412
2024-03-23,Switzerland,8.3,3.6,0.332
2024-03-24,Switzerland,10.7,2.7,0.393
2024-03-25,Switzerland,6.1,2.5,0.278
2024-03-26,Switzerland,6.0,3.1,0.276
2024-03-27,Switzerland,3.7,3.7,0.216
2024-03-28,Switzerland,4.1,2.2,0.228
2024-03-29,Switzerland,10.5,4.6,0.388
2024-03-30,Switzerland,11.0,3.6,0.4
2024-03-31,Switzerland,5.6,5.0,0.266
2024-04-01,Switzerland,8.7,5.2,0.343
2024-04-02,Switzerland,13.9,5.7,0.472
2024-04-03,Switzerland,12.1,1.4,0.427
2024-04-04,Switzerland,8.1,0.6,0.328
2024-04-05,Switzerland,7.1,4.9,0.302
2024-04-06,Switzerland,15.2,4.1,0.505
2024-04-07,Switzerland,11.9,7.1,0.423
2024-04-08,Switzerland,11.7,3.4,0.418
2024-04-09,Switzerland,11.9,2.3,0.421
2024-04-10,Switzerland,13.9,1.7,0.472
2024-04-11,Switzerland,9.9,4.4,0.372
2024-04-12,Switzerland,10.5,3.3,0.388
2024-04-13,Switzerland,11.0,3.0,0.399
2024-04-14,Switzerland,10.0,1.7,0.375
2024-04-15,Switzerland,9.5,4.7,0.364
2024-04-16,Switzerland,12.5,4.8,0.438
2024-04-17,Switzerland,15.1,2.1,0.502
2024-04-18,Switzerland,14.6,3.0,0.491
2024-04-19,Switzerland,11.5,5.5,0.413
2024-04-20,Switzerland,13.7,2.3,0.467
2024-04-21,Switzerland,13.5,0.5,0.462
2024-04-22,Switzerland,12.7,0.0,0.444
2024-04-23,Switzerland,9.0,4.2,0.351
2024-04-24,Switzerland,4.0,6.6,0.225
2024-04-25,Switzerland,14.5,0.0,0.488
2024-04-26,Switzerland,19.2,8.3,0.605
2024-04-27,Switzerland,11.5,1.1,0.411
2024-04-28,Switzerland,17.1,2.3,0.551
2024-04-29,Switzerland,12.5,5.4,0.437
2024-04-30,Switzerland,11.5,2.5,0.413
2024-05-01,Switzerland,12.2,1.7,0.43
2024-05-02,Switzerland,15.2,0.5,0.505
2024-05-03,Switzerland,12.6,3.1,0.439
2024-05-04,Switzerland,10.5,1.2,0.386
2024-05-05,Switzerland,21.8,2.3,0.671
2024-05-06,Switzerland,14.6,2.3,0.49
2024-05-07,Switzerland,15.0,4.1,0.5
2024-05-08,Switzerland,17.5,2.2,0.563
2024-05-09,Switzerland,15.4,5.6,0.509
2024-05-10,Switzerland,11.5,2.9,0.412
2024-05-11,Switzerland,16.4,1.4,0.535
2024-05-12,Switzerland,15.7,1.2,0.516
2024-05-13,Switzerland,17.9,0.3,0.573
2024-05-14,Switzerland,19.2,2.9,0.605
2024-05-15,Switzerland,14.7,1.0,0.491
2024-05-16,Switzerland,19.1,1.7,0.602
2024-05-17,Switzerland,12.5,5.1,0.437
2024-05-18,Switzerland,13.3,2.8,0.457
2024-05-19,Switzerland,18.5,3.3,0.586
2024-05-20,Switzerland,21.2,1.3,0.655
2024-05-21,Switzerland,15.4,2.7,0.509
2024-05-22,Switzerland,17.9,5.6,0.572
2024-05-23,Switzerland,16.2,2.7,0.531
2024-05-24,Switzerland,11.6,3.2,0.414
2024-05-25,Switzerland,14.0,4.2,0.476
2024-05-26,Switzerland,14.8,2.5,0.494
2024-05-27,Switzerland,11.6,0.0,0.415
2024-05-28,Switzerland,21.6,3.3,0.665
2024-05-29,Switzerland,17.2,1.2,0.555
2024-05-30,Switzerland,18.6,4.4,0.591
2024-05-31,Switzerland,13.6,0.9,0.465
2024-06-01,Switzerland,17.8,2.9,0.57
2024-06-02,Switzerland,20.5,3.1,0.638
2024-06-03,Switzerland,23.9,1.6,0.722
2024-06-04,Switzerland,16.7,3.0,0.544
2024-06-05,Switzerland,14.9,4.4,0.498
2024-06-06,Switzerland,20.3,2.3,0.632
2024-06-07,Switzerland,18.8,4.8,0.595
2024-06-08,Switzerland,22.6,2.5,0.691
2024-06-09,Switzerland,21.8,4.7,0.669
2024-06-10,Switzerland,21.0,2.6,0.65
2024-06-11,Switzerland,21.1,0.9,0.654
2024-06-12,Switzerland,20.2,2.5,0.63
2024-06-13,Switzerland,18.8,0.0,0.596
2024-06-14,Switzerland,16.9,2.0,0.548
2024-06-15,Switzerland,22.7,3.6,0.692
2024-06-16,Switzerland,22.8,5.5,0.695
2024-06-17,Switzerland,21.0,3.3,0.65
2024-06-18,Switzerland,17.1,7.0,0.552
2024-06-19,Switzerland,15.7,3.2,0.519
2024-06-20,Switzerland,22.5,4.7,0.687
2024-06-21,Switzerland,16.5,2.2,0.538
2024-06-22,Switzerland,17.6,0.0,0.565
2024-06-23,Switzerland,20.4,1.6,0.635
2024-06-24,Switzerland,24.5,4.2,0.738
2024-06-25,Switzerland,20.1,2.1,0.628
2024-06-26,Switzerland,20.3,2.5,0.634
2024-06-27,Switzerland,20.2,6.8,0.63
2024-06-28,Switzerland,16.8,2.7,0.545
2024-06-29,Switzerland,22.1,2.2,0.678
2024-06-30,Switzerland,24.7,4.4,0.744
2024-01-01,Portugal,4.8,3.4,0.246
2024-01-02,Portugal,4.9,1.4,0.247
2024-01-03,Portugal,6.6,5.5,0.289
2024-01-04,Portugal,9.2,3.0,0.356
2024-01-05,Portugal,9.3,3.5,0.359
2024-01-06,Portugal,3.5,2.7,0.212
2024-01-07,Portugal,6.8,4.5,0.295
2024-01-08,Portugal,5.3,1.2,0.258
2024-01-09,Portugal,6.9,1.7,0.297
2024-01-10,Portugal,6.0,2.8,0.276
2024-01-11,Portugal,5.9,4.9,0.271
2024-01-12,Portugal,11.2,4.7,0.406
2024-01-13,Portugal,1.7,1.7,0.167
2024-01-14,Portugal,6.5,0.0,0.287
2024-01-15,Portugal,4.4,2.6,0.234
2024-01-16,Portugal,5.7,3.0,0.266
2024-01-17,Portugal,2.9,2.1,0.196
2024-01-18,Portugal,7.5,3.0,0.311
2024-01-19,Portugal,8.3,3.8,0.334
2024-01-20,Portugal,5.8,3.2,0.269
2024-01-21,Portugal,4.6,2.5,0.24
2024-01-22,Portugal,3.8,5.1,0.221
2024-01-23,Portugal,6.2,5.1,0.279
2024-01-24,Portugal,7.9,1.2,0.323
2024-01-25,Portugal,7.8,4.6,0.319
2024-01-26,Portugal,6.8,3.1,0.294
2024-01-27,Portugal,5.3,3.0,0.259
2024-01-28,Portugal,7.7,1.8,0.318
2024-01-29,Portugal,3.8,5.6,0.219
2024-01-30,Portugal,8.8,1.9,0.345
2024-01-31,Portugal,7.7,0.0,0.316
2024-02-01,Portugal,3.1,5.2,0.202
2024-02-02,Portugal,9.7,2.9,0.367
2024-02-03,Portugal,9.7,9.5,0.367
2024-02-04,Portugal,11.6,0.9,0.415
2024-02-05,Portugal,4.0,5.1,0.224
2024-02-06,Portugal,11.6,4.2,0.414
2024-02-07,Portugal,6.6,3.7,0.289
2024-02-08,Portugal,6.8,4.3,0.296
2024-02-09,Portugal,11.9,1.9,0.424
2024-02-10,Portugal,12.4,3.2,0.435
2024-02-11,Portugal,10.5,0.4,0.387
2024-02-12,Portugal,9.7,1.6,0.367
2024-02-13,Portugal,10.4,5.9,0.386
2024-02-14,Portugal,9.9,1.2,0.372
2024-02-15,Portugal,10.9,3.8,0.397
2024-02-16,Portugal,15.2,3.5,0.504
2024-02-17,Portugal,7.2,4.5,0.306
2024-02-18,Portugal,8.6,3.2,0.34
2024-02-19,Portugal,6.2,2.8,0.28
2024-02-20,Portugal,9.1,2.7,0.352
2024-02-21,Portugal,7.2,3.6,0.306
2024-02-22,Portugal,6.2,0.7,0.281
2024-02-23,Portugal,11.1,4.2,0.403
2024-02-24,Portugal,5.1,0.0,0.252
2024-02-25,Portugal,6.0,2.7,0.274
2024-02-26,Portugal,12.5,2.7,0.437
2024-02-27,Portugal,6.7,3.3,0.292
2024-02-28,Portugal,8.7,0.2,0.341
2024-02-29,Portugal,4.9,0.3,0.247
2024-03-01,Portugal,19.4,4.7,0.611
2024-03-02,Portugal,10.2,5.2,0.38
2024-03-03,Portugal,10.3,5.2,0.382
2024-03-04,Portugal,12.2,1.7,0.431
2024-03-05,Portugal,14.0,3.3,0.476
2024-03-06,Portugal,13.2,3.4,0.455
2024-03-07,Portugal,12.6,4.6,0.44
2024-03-08,Portugal,19.8,5.5,0.619
2024-03-09,Portugal,12.7,2.4,0.441
2024-03-10,Portugal,11.4,0.5,0.41
2024-03-11,Portugal,14.0,1.0,0.475
2024-03-12,Portugal,10.9,4.3,0.397
2024-03-13,Portugal,11.3,2.0,0.407
2024-03-14,Portugal,8.4,5.4,0.335
2024-03-15,Portugal,9.5,1.8,0.363
2024-03-16,Portugal,6.6,3.0,0.291
2024-03-17,Portugal,11.0,3.4,0.4
2024-03-18,Portugal,8.5,4.5,0.337
2024-03-19,Portugal,6.5,2.8,0.287
2024-03-20,Portugal,12.3,3.1,0.434
2024-03-21,Portugal,12.5,4.6,0.437
2024-03-22,Portugal,16.0,2.7,0.524
2024-03-23,Portugal,9.1,4.1,0.352
2024-03-24,Portugal,11.2,5.5,0.404
2024-03-25,Portugal,10.2,1.3,0.38
2024-03-26,Portugal,12.4,0.0,0.436
2024-03-27,Portugal,10.6,2.3,0.39
2024-03-28,Portugal,12.7,1.0,0.442
2024-03-29,Portugal,9.4,5.3,0.359
2024-03-30,Portugal,12.0,4.7,0.424
2024-03-31,Portugal,10.4,2.9,0.384
2024-04-01,Portugal,15.6,6.5,0.516
2024-04-02,Portugal,14.3,2.7,0.484
2024-04-03,Portugal,18.3,2.2,0.582
2024-04-04,Portugal,15.9,5.0,0.521
2024-04-05,Portugal,13.3,3.7,0.457
2024-04-06,Portugal,20.2,4.8,0.631
2024-04-07,Portugal,15.9,2.6,0.521
2024-04-08,Portugal,13.2,1.0,0.455
2024-04-09,Portugal,19.5,5.6,0.613
2024-04-10,Portugal,13.0,3.7,0.451
2024-04-11,Portugal,15.3,5.4,0.508
2024-04-12,Portugal,16.1,3.0,0.529
2024-04-13,Portugal,13.4,3.7,0.459
2024-04-14,Portugal,14.0,3.4,0.474
2024-04-15,Portugal,14.8,2.3,0.494
2024-04-16,Portugal,12.1,4.0,0.427
2024-04-17,Portugal,15.1,6.6,0.503
2024-04-18,Portugal,11.9,4.3,0.423
2024-04-19,Portugal,14.8,7.2,0.494
2024-04-20,Portugal,16.6,3.6,0.541
2024-04-21,Portugal,14.8,1.6,0.494
2024-04-22,Portugal,15.9,0.2,0.523
2024-04-23,Portugal,11.0,5.0,0.4
2024-04-24,Portugal,9.7,2.4,0.368
2024-04-25,Portugal,11.9,2.2,0.421
2024-04-26,Portugal,15.6,5.0,0.514
2024-04-27,Portugal,18.7,1.2,0.591
2024-04-28,Portugal,13.6,11.1,0.465
2024-04-29,Portugal,14.2,1.2,0.481
2024-04-30,Portugal,12.9,2.5,0.446
2024-05-01,Portugal,16.8,2.5,0.546
2024-05-02,Portugal,17.9,2.9,0.573
2024-05-03,Portugal,15.1,3.7,0.503
2024-05-04,Portugal,18.4,4.0,0.584
2024-05-05,Portugal,12.9,3.3,0.446
2024-05-06,Portugal,12.0,2.6,0.426
2024-05-07,Portugal,20.0,5.1,0.624
2024-05-08,Portugal,19.0,4.4,0.6
2024-05-09,Portugal,17.1,2.0,0.553
2024-05-10,Portugal,26.1,4.7,0.777
2024-05-11,Portugal,14.5,0.0,0.487
2024-05-12,Portugal,16.6,5.4,0.54
2024-05-13,Portugal,18.1,0.0,0.579
2024-05-14,Portugal,17.5,3.0,0.562
2024-05-15,Portugal,10.8,3.0,0.394
2024-05-16,Portugal,15.0,0.0,0.499
2024-05-17,Portugal,22.8,0.9,0.695
2024-05-18,Portugal,16.0,1.6,0.525
2024-05-19,Portugal,18.0,6.5,0.575
2024-05-20,Portugal,14.4,2.4,0.485
2024-05-21,Portugal,18.4,1.3,0.584
2024-05-22,Portugal,17.0,4.2,0.551
2024-05-23,Portugal,15.7,2.3,0.518
2024-05-24,Portugal,16.7,2.8,0.543
2024-05-25,Portugal,18.7,4.2,0.593
2024-05-26,Portugal,23.8,0.0,0.72
2024-05-27,Portugal,17.5,0.3,0.562
2024-05-28,Portugal,16.8,4.8,0.546
2024-05-29,Portugal,21.6,5.5,0.665
2024-05-30,Portugal,21.7,2.7,0.668
2024-05-31,Portugal,22.2,6.2,0.68
2024-06-01,Portugal,23.4,5.4,0.71
2024-06-02,Portugal,23.1,5.8,0.703
2024-06-03,Portugal,22.5,1.8,0.688
2024-06-04,Portugal,19.6,2.7,0.616
2024-06-05,Portugal,23.3,1.1,0.706
2024-06-06,Portugal,22.2,1.9,0.681
2024-06-07,Portugal,19.8,5.1,0.619
2024-06-08,Portugal,26.6,5.1,0.791
2024-06-09,Portugal,22.7,3.0,0.694
2024-06-10,Portugal,19.8,3.8,0.62
2024-06-11,Portugal,23.5,8.7,0.713
2024-06-12,Portugal,26.3,3.6,0.782
2024-06-13,Portugal,22.9,5.0,0.697
2024-06-14,Portugal,20.3,5.3,0.631
2024-06-15,Portugal,19.7,1.9,0.618
2024-06-16,Portugal,17.5,4.2,0.562
2024-06-17,Portugal,23.7,1.9,0.719
2024-06-18,Portugal,20.2,5.8,0.63
2024-06-19,Portugal,22.6,1.5,0.69
2024-06-20,Portugal,28.8,1.7,0.844
2024-06-21,Portugal,26.4,0.7,0.785
2024-06-22,Portugal,21.9,4.0,0.673
2024-06-23,Portugal,22.8,3.5,0.696
2024-06-24,Portugal,21.4,0.0,0.66
2024-06-25,Portugal,27.4,2.0,0.81
2024-06-26,Portugal,23.9,4.4,0.722
2024-06-27,Portugal,23.9,1.6,0.723
2024-06-28,Portugal,26.5,4.0,0.787
2024-06-29,Portugal,23.6,3.4,0.715
2024-06-30,Portugal,28.0,1.5,0.826
2024-01-01,Sweden,-1.8,1.9,0.081
2024-01-02,Sweden,-8.8,0.0,0.0
2024-01-03,Sweden,-6.0,1.7,0.0
2024-01-04,Sweden,3.5,4.4,0.213
2024-01-05,Sweden,-0.6,1.7,0.109
2024-01-06,Sweden,-2.8,7.6,0.055
2024-01-07,Sweden,-6.6,3.9,0.0
2024-01-08,Sweden,1.8,4.9,0.171
2024-01-09,Sweden,2.4,3.4,0.185
2024-01-10,Sweden,-1.2,3.2,0.095
2024-01-11,Sweden,-1.4,1.2,0.09
2024-01-12,Sweden,-0.6,3.6,0.109
2024-01-13,Sweden,-2.8,6.5,0.055
2024-01-14,Sweden,-3.8,5.4,0.03
2024-01-15,Sweden,0.9,4.7,0.148
2024-01-16,Sweden,-5.9,3.7,0.0
2024-01-17,Sweden,2.9,0.0,0.197
2024-01-18,Sweden,-3.6,5.3,0.036
2024-01-19,Sweden,-3.3,4.6,0.041
2024-01-20,Sweden,1.2,3.5,0.156
2024-01-21,Sweden,-1.5,3.2,0.088
2024-01-22,Sweden,-2.1,7.2,0.072
2024-01-23,Sweden,-3.2,2.3,0.045
2024-01-24,Sweden,0.1,1.3,0.128
2024-01-25,Sweden,-4.8,1.8,0.004
2024-01-26,Sweden,-3.8,2.6,0.031
2024-01-27,Sweden,-0.9,2.3,0.102
2024-01-28,Sweden,-0.8,4.7,0.105
2024-01-29,Sweden,-5.0,4.7,0.001
2024-01-30,Sweden,-0.2,0.0,0.12
2024-01-31,Sweden,-2.1,2.0,0.072
2024-02-01,Sweden,2.9,2.0,0.198
2024-02-02,Sweden,-5.0,2.9,0.0
2024-02-03,Sweden,-3.7,4.7,0.033
2024-02-04,Sweden,-3.4,3.0,0.039
2024-02-05,Sweden,3.6,5.2,0.216
2024-02-06,Sweden,0.4,2.7,0.136
2024-02-07,Sweden,0.1,4.4,0.129
2024-02-08,Sweden,-4.0,4.7,0.026
2024-02-09,Sweden,-4.3,4.1,0.017
2024-02-10,Sweden,-4.3,6.9,0.017
2024-02-11,Sweden,1.3,0.0,0.157
2024-02-12,Sweden,-1.0,2.0,0.1
2024-02-13,Sweden,-2.9,3.3,0.052
2024-02-14,Sweden,-3.8,4.5,0.03
2024-02-15,Sweden,1.1,3.7,0.153
2024-02-16,Sweden,-1.1,4.3,0.099
2024-02-17,Sweden,1.4,3.9,0.159
2024-02-18,Sweden,-4.9,1.4,0.002
2024-02-19,Sweden,-1.8,0.0,0.08
2024-02-20,Sweden,-0.3,5.8,0.117
2024-02-21,Sweden,2.8,4.5,0.194
2024-02-22,Sweden,1.2,7.4,0.155
2024-02-23,Sweden,1.5,4.9,0.163
2024-02-24,Sweden,-5.3,5.7,0.0
2024-02-25,Sweden,0.2,2.8,0.13
2024-02-26,Sweden,-2.0,1.9,0.075
2024-02-27,Sweden,2.8,2.9,0.194
2024-02-28,Sweden,-2.5,1.5,0.062
2024-02-29,Sweden,-0.5,2.3,0.113
2024-03-01,Sweden,0.2,0.2,0.131
2024-03-02,Sweden,4.9,2.7,0.247
2024-03-03,Sweden,-1.3,2.5,0.094
2024-03-04,Sweden,3.6,3.1,0.216
2024-03-05,Sweden,2.6,3.1,0.189
2024-03-06,Sweden,-1.8,4.9,0.079
2024-03-07,Sweden,-3.1,3.9,0.047
2024-03-08,Sweden,3.8,2.6,0.221
2024-03-09,Sweden,3.1,2.4,0.202
2024-03-10,Sweden,3.1,5.0,0.202
2024-03-11,Sweden,-0.4,4.3,0.116
2024-03-12,Sweden,7.1,3.5,0.302
2024-03-13,Sweden,0.5,7.5,0.137
2024-03-14,Sweden,2.3,3.5,0.182
2024-03-15,Sweden,2.8,3.9,0.194
2024-03-16,Sweden,1.0,3.4,0.15
2024-03-17,Sweden,4.9,2.3,0.246
2024-03-18,Sweden,0.7,2.4,0.144
2024-03-19,Sweden,-1.3,1.6,0.093
2024-03-20,Sweden,-0.2,3.0,0.121
2024-03-21,Sweden,4.5,5.9,0.238
2024-03-22,Sweden,2.2,3.9,0.179
2024-03-23,Sweden,2.7,0.0,0.193
2024-03-24,Sweden,-1.4,4.5,0.089
2024-03-25,Sweden,4.6,4.7,0.239
2024-03-26,Sweden,1.5,0.0,0.162
2024-03-27,Sweden,-1.1,1.2,0.098
2024-03-28,Sweden,3.9,2.3,0.222
2024-03-29,Sweden,7.1,5.9,0.302
2024-03-30,Sweden,7.0,1.2,0.301
2024-03-31,Sweden,3.5,2.0,0.212
2024-04-01,Sweden,8.0,1.4,0.325
2024-04-02,Sweden,10.7,1.4,0.392
2024-04-03,Sweden,1.2,7.1,0.154
2024-04-04,Sweden,8.3,0.9,0.333
2024-04-05,Sweden,6.5,1.8,0.288
2024-04-06,Sweden,7.0,4.6,0.3
2024-04-07,Sweden,8.9,3.5,0.348
2024-04-08,Sweden,7.0,5.2,0.3
2024-04-09,Sweden,1.2,1.5,0.156
2024-04-10,Sweden,4.1,5.0,0.227
2024-04-11,Sweden,4.8,0.4,0.245
2024-04-12,Sweden,8.6,1.2,0.341
2024-04-13,Sweden,5.9,7.8,0.274
2024-04-14,Sweden,9.4,2.6,0.359
2024-04-15,Sweden,6.6,4.8,0.291
2024-04-16,Sweden,9.0,3.2,0.35
2024-04-17,Sweden,7.3,0.0,0.308
2024-04-18,Sweden,1.9,2.6,0.173
2024-04-19,Sweden,5.1,4.2,0.253
2024-04-20,Sweden,7.6,1.5,0.315
2024-04-21,Sweden,7.5,2.2,0.312
2024-04-22,Sweden,13.2,3.8,0.455
2024-04-23,Sweden,2.3,6.6,0.183
2024-04-24,Sweden,5.1,1.1,0.253
2024-04-25,Sweden,13.4,3.7,0.461
2024-04-26,Sweden,9.1,4.5,0.353
2024-04-27,Sweden,6.4,1.9,0.285
2024-04-28,Sweden,5.8,6.2,0.269
2024-04-29,Sweden,7.6,5.6,0.315
2024-04-30,Sweden,6.8,1.5,0.294
2024-05-01,Sweden,7.7,4.3,0.317
2024-05-02,Sweden,17.1,1.2,0.552
2024-05-03,Sweden,13.5,0.2,0.464
2024-05-04,Sweden,10.3,3.5,0.383
2024-05-05,Sweden,6.8,3.0,0.295
2024-05-06,Sweden,9.5,4.2,0.362
2024-05-07,Sweden,11.5,4.9,0.413
2024-05-08,Sweden,11.2,0.3,0.404
2024-05-09,Sweden,7.5,0.0,0.313
2024-05-10,Sweden,13.9,8.1,0.472
2024-05-11,Sweden,13.3,6.3,0.458
2024-05-12,Sweden,15.4,2.0,0.51
2024-05-13,Sweden,15.8,2.0,0.52
2024-05-14,Sweden,10.6,2.6,0.391
2024-05-15,Sweden,11.5,4.3,0.413
2024-05-16,Sweden,10.0,4.8,0.375
2024-05-17,Sweden,14.6,3.7,0.491
2024-05-18,Sweden,17.8,5.6,0.57
2024-05-19,Sweden,15.2,3.1,0.505
2024-05-20,Sweden,13.1,4.0,0.451
2024-05-21,Sweden,12.0,2.2,0.426
2024-05-22,Sweden,4.8,4.4,0.245
2024-05-23,Sweden,15.1,0.7,0.503
2024-05-24,Sweden,13.8,1.8,0.47
2024-05-25,Sweden,10.9,5.6,0.398
2024-05-26,Sweden,9.0,1.0,0.351
2024-05-27,Sweden,17.4,2.7,0.56
2024-05-28,Sweden,15.7,0.0,0.518
2024-05-29,Sweden,7.4,1.2,0.311
2024-05-30,Sweden,10.6,0.2,0.389
2024-05-31,Sweden,13.1,3.9,0.453
2024-06-01,Sweden,13.3,1.4,0.458
2024-06-02,Sweden,13.9,0.7,0.473
2024-06-03,Sweden,7.3,2.8,0.308
2024-06-04,Sweden,14.7,2.3,0.493
2024-06-05,Sweden,13.0,4.6,0.449
2024-06-06,Sweden,23.3,1.3,0.707
2024-06-07,Sweden,20.2,3.7,0.63
2024-06-08,Sweden,16.1,2.3,0.528
2024-06-09,Sweden,15.8,5.3,0.519
2024-06-10,Sweden,12.6,2.4,0.44
2024-06-11,Sweden,19.7,5.0,0.619
2024-06-12,Sweden,12.6,2.6,0.441
2024-06-13,Sweden,18.2,4.3,0.58
2024-06-14,Sweden,18.9,3.8,0.598
2024-06-15,Sweden,17.7,3.7,0.566
2024-06-16,Sweden,20.7,2.2,0.643
2024-06-17,Sweden,16.1,1.0,0.529
2024-06-18,Sweden,12.4,3.6,0.434
2024-06-19,Sweden,13.8,2.9,0.471
2024-06-20,Sweden,20.9,6.1,0.646
2024-06-21,Sweden,22.7,6.3,0.692
2024-06-22,Sweden,23.2,3.9,0.705
2024-06-23,Sweden,13.3,1.0,0.457
2024-06-24,Sweden,20.2,3.1,0.63
2024-06-25,Sweden,16.4,1.9,0.534
2024-06-26,Sweden,14.7,3.8,0.493
2024-06-27,Sweden,12.8,3.5,0.446
2024-06-28,Sweden,20.5,0.0,0.638
2024-06-29,Sweden,11.4,4.4,0.409
2024-06-30,Sweden,20.1,2.0,0.627
2024-01-01,Norway,-9.0,5.9,0.0
2024-01-02,Norway,-5.4,2.3,0.0
2024-01-03,Norway,-2.0,1.7,0.074
2024-01-04,Norway,-5.6,1.3,0.0
2024-01-05,Norway,2.6,5.3,0.189
2024-01-06,Norway,-1.3,0.0,0.093
2024-01-07,Norway,-1.3,4.0,0.093
2024-01-08,Norway,-6.8,3.5,0.0
2024-01-09,Norway,0.2,4.1,0.129
2024-01-10,Norway,-5.0,3.0,0.0
2024-01-11,Norway,-0.8,3.1,0.105
2024-01-12,Norway,0.8,3.8,0.144
2024-01-13,Norway,-0.7,4.6,0.106
2024-01-14,Norway,-6.2,3.1,0.0
2024-01-15,Norway,-4.0,5.1,0.025
2024-01-16,Norway,-1.6,2.6,0.085
2024-01-17,Norway,-6.8,0.0,0.0
2024-01-18,Norway,-2.1,1.6,0.073
2024-01-19,Norway,-1.0,0.0,0.1
2024-01-20,Norway,1.8,4.3,0.169
2024-01-21,Norway,-2.7,6.4,0.057
2024-01-22,Norway,-0.2,2.0,0.121
2024-01-23,Norway,-2.8,0.0,0.056
2024-01-24,Norway,0.2,2.4,0.13
2024-01-25,Norway,-8.9,0.6,0.0
2024-01-26,Norway,-0.4,6.2,0.115
2024-01-27,Norway,-2.9,1.0,0.052
2024-01-28,Norway,-7.3,5.8,0.0
2024-01-29,Norway,-1.7,2.3,0.084
2024-01-30,Norway,-4.7,4.3,0.007
2024-01-31,Norway,-1.1,1.2,0.098
2024-02-01,Norway,-4.4,0.8,0.014
2024-02-02,Norway,-2.4,1.6,0.065
2024-02-03,Norway,3.9,2.0,0.221
2024-02-04,Norway,-4.7,0.6,0.006
2024-02-05,Norway,-1.6,0.0,0.086
2024-02-06,Norway,-1.2,0.3,0.095
2024-02-07,Norway,2.5,3.2,0.187
2024-02-08,Norway,5.4,2.5,0.259
2024-02-09,Norway,-10.4,5.9,0.0
2024-02-10,Norway,0.5,4.3,0.138
2024-02-11,Norway,-4.0,2.9,0.025
2024-02-12,Norway,-0.4,2.5,0.114
2024-02-13,Norway,-6.2,8.5,0.0
2024-02-14,Norway,1.5,3.8,0.163
2024-02-15,Norway,2.9,4.3,0.199
2024-02-16,Norway,-3.0,5.5,0.049
2024-02-17,Norway,1.6,1.7,0.164
2024-02-18,Norway,1.4,2.5,0.159
2024-02-19,Norway,-0.4,4.2,0.116
2024-02-20,Norway,3.1,1.7,0.203
2024-02-21,Norway,0.1,7.0,0.127
2024-02-22,Norway,-1.5,3.4,0.087
2024-02-23,Norway,5.0,4.3,0.251
2024-02-24,Norway,-5.4,1.4,0.0
2024-02-25,Norway,1.1,3.8,0.152
2024-02-26,Norway,-0.5,7.3,0.112
2024-02-27,Norway,-2.9,2.9,0.054
2024-02-28,Norway,-6.9,5.3,0.0
2024-02-29,Norway,-3.4,5.1,0.04
2024-03-01,Norway,4.9,7.7,0.246
2024-03-02,Norway,3.9,2.3,0.224
2024-03-03,Norway,3.4,1.5,0.209
2024-03-04,Norway,3.0,2.6,0.199
2024-03-05,Norway,1.8,1.2,0.17
2024-03-06,Norway,2.9,4.6,0.198
2024-03-07,Norway,-3.0,1.6,0.051
2024-03-08,Norway,2.5,0.0,0.188
2024-03-09,Norway,7.2,1.6,0.306
2024-03-10,Norway,-0.8,2.6,0.105
2024-03-11,Norway,2.4,1.5,0.185
2024-03-12,Norway,4.9,3.8,0.249
2024-03-13,Norway,-0.5,2.0,0.112
2024-03-14,Norway,-2.6,0.5,0.061
2024-03-15,Norway,3.2,1.3,0.204
2024-03-16,Norway,7.4,3.1,0.31
2024-03-17,Norway,-2.1,0.7,0.074
2024-03-18,Norway,5.2,2.8,0.254
2024-03-19,Norway,5.0,2.3,0.249
2024-03-20,Norway,0.3,5.2,0.133
2024-03-21,Norway,-0.6,4.0,0.111
2024-03-22,Norway,1.4,4.8,0.159
2024-03-23,Norway,7.5,2.2,0.311
2024-03-24,Norway,0.4,4.3,0.134
2024-03-25,Norway,-1.2,6.2,0.094
2024-03-26,Norway,6.3,1.0,0.283
2024-03-27,Norway,-2.7,0.7,0.056
2024-03-28,Norway,-1.4,4.6,0.089
2024-03-29,Norway,6.6,4.6,0.291
2024-03-30,Norway,1.3,3.7,0.157
2024-03-31,Norway,-0.6,5.2,0.11
2024-04-01,Norway,8.3,4.5,0.332
2024-04-02,Norway,4.8,2.7,0.245
2024-04-03,Norway,9.2,5.9,0.354
2024-04-04,Norway,5.2,4.6,0.254
2024-04-05,Norway,4.9,7.2,0.247
2024-04-06,Norway,5.8,4.3,0.269
2024-04-07,Norway,7.5,8.2,0.312
2024-04-08,Norway,7.7,2.0,0.317
2024-04-09,Norway,8.9,4.2,0.348
2024-04-10,Norway,6.5,0.8,0.288
2024-04-11,Norway,5.4,4.8,0.26
2024-04-12,Norway,1.8,2.5,0.169
2024-04-13,Norway,10.0,2.8,0.375
2024-04-14,Norway,13.5,0.0,0.463
2024-04-15,Norway,4.1,0.0,0.228
2024-04-16,Norway,13.0,1.1,0.45
2024-04-17,Norway,1.0,1.8,0.151
2024-04-18,Norway,2.8,1.8,0.196
2024-04-19,Norway,7.1,4.6,0.303
2024-04-20,Norway,6.5,3.1,0.287
2024-04-21,Norway,5.3,0.0,0.256
2024-04-22,Norway,1.5,2.3,0.162
2024-04-23,Norway,7.3,2.1,0.306
2024-04-24,Norway,1.6,3.4,0.164
2024-04-25,Norway,11.9,2.8,0.422
2024-04-26,Norway,5.3,2.9,0.257
2024-04-27,Norway,3.7,0.7,0.217
2024-04-28,Norway,8.4,5.0,0.334
2024-04-29,Norway,6.6,0.0,0.289
2024-04-30,Norway,8.1,7.1,0.327
2024-05-01,Norway,11.3,2.6,0.407
2024-05-02,Norway,9.4,4.0,0.36
2024-05-03,Norway,10.0,5.0,0.375
2024-05-04,Norway,10.0,3.7,0.376
2024-05-05,Norway,11.9,6.1,0.422
2024-05-06,Norway,13.2,5.8,0.456
2024-05-07,Norway,12.3,2.7,0.433
2024-05-08,Norway,11.9,1.5,0.422
2024-05-09,Norway,13.6,1.6,0.465
2024-05-10,Norway,12.3,4.7,0.433
2024-05-11,Norway,16.8,3.3,0.544
2024-05-12,Norway,14.6,4.5,0.49
2024-05-13,Norway,10.9,7.2,0.396
2024-05-14,Norway,10.3,3.2,0.382
2024-05-15,Norway,16.4,5.9,0.534
2024-05-16,Norway,12.0,5.0,0.426
2024-05-17,Norway,11.3,2.0,0.408
2024-05-18,Norway,8.4,4.4,0.334
2024-05-19,Norway,14.5,1.9,0.487
2024-05-20,Norway,12.8,8.3,0.445
2024-05-21,Norway,15.4,1.2,0.511
2024-05-22,Norway,15.0,1.2,0.5
2024-05-23,Norway,3.3,3.0,0.208
2024-05-24,Norway,16.7,5.8,0.542
2024-05-25,Norway,13.1,1.9,0.453
2024-05-26,Norway,13.5,2.5,0.461
2024-05-27,Norway,10.5,5.1,0.386
2024-05-28,Norway,10.4,5.3,0.386
2024-05-29,Norway,10.2,7.1,0.381
2024-05-30,Norway,7.1,1.1,0.302
2024-05-31,Norway,11.5,0.0,0.413
2024-06-01,Norway,8.3,0.0,0.332
2024-06-02,Norway,15.1,2.5,0.503
2024-06-03,Norway,17.0,2.6,0.55
2024-06-04,Norway,16.9,2.1,0.547
2024-06-05,Norway,18.1,4.2,0.579
2024-06-06,Norway,15.0,4.1,0.5
2024-06-07,Norway,15.4,0.0,0.511
2024-06-08,Norway,18.7,1.2,0.593
2024-06-09,Norway,18.7,3.6,0.592
2024-06-10,Norway,15.7,0.0,0.519
2024-06-11,Norway,20.6,2.3,0.64
2024-06-12,Norway,17.9,2.8,0.573
2024-06-13,Norway,15.2,3.4,0.505
2024-06-14,Norway,16.1,2.5,0.527
2024-06-15,Norway,15.8,3.9,0.521
2024-06-16,Norway,17.5,3.1,0.562
2024-06-17,Norway,17.9,2.2,0.572
2024-06-18,Norway,22.7,6.0,0.692
2024-06-19,Norway,18.3,0.0,0.582
2024-06-20,Norway,17.8,2.3,0.57
2024-06-21,Norway,13.1,2.3,0.452
2024-06-22,Norway,13.4,4.0,0.46
2024-06-23,Norway,20.8,4.7,0.646
2024-06-24,Norway,24.3,0.0,0.732
2024-06-25,Norway,14.5,1.1,0.487
2024-06-26,Norway,19.7,2.6,0.617
2024-06-27,Norway,16.6,4.3,0.539
2024-06-28,Norway,11.6,1.8,0.416
2024-06-29,Norway,19.0,1.9,0.6
2024-06-30,Norway,10.9,1.2,0.396
2024-01-01,Denmark,-3.9,3.3,0.029
2024-01-02,Denmark,-3.2,1.8,0.045
2024-01-03,Denmark,-0.2,2.7,0.12
2024-01-04,Denmark,-2.4,1.9,0.066
2024-01-05,Denmark,1.5,2.2,0.163
2024-01-06,Denmark,-2.8,5.1,0.056
2024-01-07,Denmark,-2.2,3.5,0.071
2024-01-08,Denmark,-8.9,4.4,0.0
2024-01-09,Denmark,-2.8,4.1,0.054
2024-01-10,Denmark,-2.5,1.9,0.064
2024-01-11,Denmark,-0.3,3.4,0.117
2024-01-12,Denmark,-6.9,5.6,0.0
2024-01-13,Denmark,-7.3,4.8,0.0
2024-01-14,Denmark,1.5,0.8,0.162
2024-01-15,Denmark,-3.4,2.6,0.041
2024-01-16,Denmark,-3.5,6.7,0.037
2024-01-17,Denmark,-6.3,2.4,0.0
2024-01-18,Denmark,1.5,2.4,0.163
2024-01-19,Denmark,-5.8,3.5,0.0
2024-01-20,Denmark,-0.6,2.2,0.11
2024-01-21,Denmark,-1.3,0.2,0.092
2024-01-22,Denmark,-7.0,2.1,0.0
2024-01-23,Denmark,-1.2,4.5,0.094
2024-01-24,Denmark,-6.5,4.4,0.0
2024-01-25,Denmark,-2.5,1.2,0.062
2024-01-26,Denmark,-7.0,3.5,0.0
2024-01-27,Denmark,0.9,3.1,0.147
2024-01-28,Denmark,-5.8,0.0,0.0
2024-01-29,Denmark,1.6,5.1,0.165
2024-01-30,Denmark,-2.1,6.0,0.073
2024-01-31,Denmark,-2.3,1.9,0.067
2024-02-01,Denmark,0.7,1.3,0.142
2024-02-02,Denmark,-4.0,4.5,0.025
2024-02-03,Denmark,1.6,0.5,0.164
2024-02-04,Denmark,-4.7,2.1,0.007
2024-02-05,Denmark,-3.1,4.0,0.047
2024-02-06,Denmark,-0.9,5.3,0.104
2024-02-07,Denmark,-0.0,1.7,0.124
2024-02-08,Denmark,-6.7,3.4,0.0
2024-02-09,Denmark,-6.1,1.7,0.0
2024-02-10,Denmark,-3.2,2.0,0.046
2024-02-11,Denmark,-4.9,1.5,0.001
2024-02-12,Denmark,2.4,5.3,0.186
2024-02-13,Denmark,3.6,3.0,0.215
2024-02-14,Denmark,-0.2,5.3,0.12
2024-02-15,Denmark,-5.4,4.6,0.0
2024-02-16,Denmark,2.9,1.2,0.198
2024-02-17,Denmark,3.1,7.1,0.204
2024-02-18,Denmark,1.3,4.2,0.158
2024-02-19,Denmark,-4.4,5.1,0.016
2024-02-20,Denmark,-4.1,3.7,0.023
2024-02-21,Denmark,0.4,0.0,0.135
2024-02-22,Denmark,0.2,8.2,0.13
2024-02-23,Denmark,-7.3,2.9,0.0
2024-02-24,Denmark,-6.8,1.2,0.0
2024-02-25,Denmark,-6.8,3.3,0.0
2024-02-26,Denmark,1.4,3.8,0.16
2024-02-27,Denmark,-3.8,1.8,0.03
2024-02-28,Denmark,-0.2,1.2,0.12
2024-02-29,Denmark,-5.0,2.5,0.0
2024-03-01,Denmark,-0.8,3.8,0.104
2024-03-02,Denmark,5.9,8.2,0.272
2024-03-03,Denmark,3.0,4.3,0.2
2024-03-04,Denmark,0.2,1.9,0.13
2024-03-05,Denmark,5.9,2.4,0.271
2024-03-06,Denmark,2.2,5.4,0.18
2024-03-07,Denmark,1.2,6.0,0.155
2024-03-08,Denmark,3.7,3.9,0.218
2024-03-09,Denmark,0.1,4.0,0.126
2024-03-10,Denmark,0.7,3.9,0.143
2024-03-11,Denmark,1.7,4.9,0.167
2024-03-12,Denmark,1.9,7.1,0.173
2024-03-13,Denmark,1.2,1.9,0.154
2024-03-14,Denmark,3.0,5.2,0.201
2024-03-15,Denmark,5.2,3.3,0.255
2024-03-16,Denmark,3.0,3.7,0.2
2024-03-17,Denmark,-1.2,5.0,0.094
2024-03-18,Denmark,-1.8,0.8,0.081
2024-03-19,Denmark,2.2,2.4,0.179
2024-03-20,Denmark,4.4,3.9,0.235
2024-03-21,Denmark,2.4,0.7,0.185
2024-03-22,Denmark,2.1,2.9,0.177
2024-03-23,Denmark,2.7,2.1,0.192
2024-03-24,Denmark,3.6,2.3,0.214
2024-03-25,Denmark,3.3,4.6,0.207
2024-03-26,Denmark,0.4,1.5,0.135
2024-03-27,Denmark,3.4,0.4,0.211
2024-03-28,Denmark,5.3,3.0,0.258
2024-03-29,Denmark,1.7,4.1,0.166
2024-03-30,Denmark,3.5,3.0,0.211
2024-03-31,Denmark,4.6,1.7,0.241
2024-04-01,Denmark,9.1,0.8,0.353
2024-04-02,Denmark,8.5,2.3,0.338
2024-04-03,Denmark,3.1,3.5,0.202
2024-04-04,Denmark,6.9,0.0,0.297
2024-04-05,Denmark,0.7,2.7,0.141
2024-04-06,Denmark,11.9,3.6,0.421
2024-04-07,Denmark,5.0,5.2,0.25
2024-04-08,Denmark,9.7,5.5,0.368
2024-04-09,Denmark,9.1,4.8,0.351
2024-04-10,Denmark,9.2,2.0,0.355
2024-04-11,Denmark,2.1,2.0,0.177
2024-04-12,Denmark,10.3,2.2,0.383
2024-04-13,Denmark,6.6,0.7,0.289
2024-04-14,Denmark,5.3,3.0,0.259
2024-04-15,Denmark,8.5,2.1,0.337
2024-04-16,Denmark,5.4,4.7,0.26
2024-04-17,Denmark,8.0,3.9,0.324
2024-04-18,Denmark,11.6,2.0,0.415
2024-04-19,Denmark,6.9,4.1,0.296
2024-04-20,Denmark,4.4,3.5,0.235
2024-04-21,Denmark,7.1,8.6,0.302
2024-04-22,Denmark,7.3,5.3,0.307
2024-04-23,Denmark,9.5,0.7,0.362
2024-04-24,Denmark,2.4,3.5,0.184
2024-04-25,Denmark,10.8,3.6,0.394
2024-04-26,Denmark,7.2,2.4,0.306
2024-04-27,Denmark,3.0,1.1,0.201
2024-04-28,Denmark,2.1,0.8,0.178
2024-04-29,Denmark,5.4,4.6,0.261
2024-04-30,Denmark,5.7,3.5,0.267
2024-05-01,Denmark,12.4,4.0,0.435
2024-05-02,Denmark,8.9,5.1,0.347
2024-05-03,Denmark,7.8,2.1,0.319
2024-05-04,Denmark,11.9,4.5,0.423
2024-05-05,Denmark,16.1,4.5,0.528
2024-05-06,Denmark,16.2,1.3,0.531
2024-05-07,Denmark,15.6,5.0,0.514
2024-05-08,Denmark,4.8,2.6,0.245
2024-05-09,Denmark,13.8,2.0,0.47
2024-05-10,Denmark,8.7,7.2,0.344
2024-05-11,Denmark,12.3,3.3,0.433
2024-05-12,Denmark,8.1,1.8,0.327
2024-05-13,Denmark,9.3,5.2,0.358
2024-05-14,Denmark,13.5,1.9,0.463
2024-05-15,Denmark,13.7,2.5,0.467
2024-05-16,Denmark,12.7,3.5,0.443
2024-05-17,Denmark,13.3,3.6,0.457
2024-05-18,Denmark,13.3,5.5,0.457
2024-05-19,Denmark,13.9,2.3,0.473
2024-05-20,Denmark,11.7,5.5,0.418
2024-05-21,Denmark,12.3,2.3,0.433
2024-05-22,Denmark,10.1,3.5,0.378
2024-05-23,Denmark,9.4,5.6,0.361
2024-05-24,Denmark,8.9,6.0,0.347
2024-05-25,Denmark,11.1,0.8,0.404
2024-05-26,Denmark,12.6,1.1,0.439
2024-05-27,Denmark,12.1,1.8,0.428
2024-05-28,Denmark,14.8,3.3,0.496
2024-05-29,Denmark,8.4,1.8,0.336
2024-05-30,Denmark,14.1,5.6,0.478
2024-05-31,Denmark,11.9,0.9,0.422
2024-06-01,Denmark,19.2,4.4,0.604
2024-06-02,Denmark,19.9,3.6,0.623
2024-06-03,Denmark,14.4,4.0,0.486
2024-06-04,Denmark,17.0,1.9,0.549
2024-06-05,Denmark,16.6,2.6,0.54
2024-06-06,Denmark,18.2,4.0,0.581
2024-06-07,Denmark,12.8,0.7,0.446
2024-06-08,Denmark,15.7,3.1,0.518
2024-06-09,Denmark,18.3,4.0,0.582
2024-06-10,Denmark,20.4,2.1,0.634
2024-06-11,Denmark,14.4,1.1,0.486
2024-06-12,Denmark,18.2,3.0,0.581
2024-06-13,Denmark,10.4,3.4,0.386
2024-06-14,Denmark,16.8,2.7,0.545
2024-06-15,Denmark,16.9,0.6,0.547
2024-06-16,Denmark,20.9,3.8,0.648
2024-06-17,Denmark,10.7,3.0,0.392
2024-06-18,Denmark,17.2,0.8,0.556
2024-06-19,Denmark,17.6,6.4,0.565
2024-06-20,Denmark,14.1,3.9,0.477
2024-06-21,Denmark,16.6,4.9,0.541
2024-06-22,Denmark,15.7,0.9,0.517
2024-06-23,Denmark,18.7,1.0,0.593
2024-06-24,Denmark,21.4,4.1,0.661
2024-06-25,Denmark,14.2,5.2,0.48
2024-06-26,Denmark,16.0,2.6,0.524
2024-06-27,Denmark,14.0,0.0,0.474
2024-06-28,Denmark,17.8,0.0,0.57
2024-06-29,Denmark,13.6,3.9,0.466
2024-06-30,Denmark,14.5,3.3,0.487
